ID1,ID2,Latitude,Longitude,Elevation,Tmax01,Tmax02,Tmax03,Tmax04,Tmax05,Tmax06,Tmax07,Tmax08,Tmax09,Tmax10,Tmax11,Tmax12,Tmin01,Tmin02,Tmin03,Tmin04,Tmin05,Tmin06,Tmin07,Tmin08,Tmin09,Tmin10,Tmin11,Tmin12,Tave01,Tave02,Tave03,Tave04,Tave05,Tave06,Tave07,Tave08,Tave09,Tave10,Tave11,Tave12,PPT01,PPT02,PPT03,PPT04,PPT05,PPT06,PPT07,PPT08,PPT09,PPT10,PPT11,PPT12,rsds01,rsds02,rsds03,rsds04,rsds05,rsds06,rsds07,rsds08,rsds09,rsds10,rsds11,rsds12,DD_0_01,DD_0_02,DD_0_03,DD_0_04,DD_0_05,DD_0_06,DD_0_07,DD_0_08,DD_0_09,DD_0_10,DD_0_11,DD_0_12,DD5_01,DD5_02,DD5_03,DD5_04,DD5_05,DD5_06,DD5_07,DD5_08,DD5_09,DD5_10,DD5_11,DD5_12,DD_18_01,DD_18_02,DD_18_03,DD_18_04,DD_18_05,DD_18_06,DD_18_07,DD_18_08,DD_18_09,DD_18_10,DD_18_11,DD_18_12,DD18_01,DD18_02,DD18_03,DD18_04,DD18_05,DD18_06,DD18_07,DD18_08,DD18_09,DD18_10,DD18_11,DD18_12,NFFD01,NFFD02,NFFD03,NFFD04,NFFD05,NFFD06,NFFD07,NFFD08,NFFD09,NFFD10,NFFD11,NFFD12,PAS01,PAS02,PAS03,PAS04,PAS05,PAS06,PAS07,PAS08,PAS09,PAS10,PAS11,PAS12,Eref01,Eref02,Eref03,Eref04,Eref05,Eref06,Eref07,Eref08,Eref09,Eref10,Eref11,Eref12,CMD01,CMD02,CMD03,CMD04,CMD05,CMD06,CMD07,CMD08,CMD09,CMD10,CMD11,CMD12,RH01,RH02,RH03,RH04,RH05,RH06,RH07,RH08,RH09,RH10,RH11,RH12,CMI01,CMI02,CMI03,CMI04,CMI05,CMI06,CMI07,CMI08,CMI09,CMI10,CMI11,CMI12,Tmax_wt,Tmax_sp,Tmax_sm,Tmax_at,Tmin_wt,Tmin_sp,Tmin_sm,Tmin_at,Tave_wt,Tave_sp,Tave_sm,Tave_at,PPT_wt,PPT_sp,PPT_sm,PPT_at,rsds_wt,rsds_sp,rsds_sm,rsds_at,DD_0_wt,DD_0_sp,DD_0_sm,DD_0_at,DD5_wt,DD5_sp,DD5_sm,DD5_at,DD_18_wt,DD_18_sp,DD_18_sm,DD_18_at,DD18_wt,DD18_sp,DD18_sm,DD18_at,NFFD_wt,NFFD_sp,NFFD_sm,NFFD_at,PAS_wt,PAS_sp,PAS_sm,PAS_at,Eref_wt,Eref_sp,Eref_sm,Eref_at,CMD_wt,CMD_sp,CMD_sm,CMD_at,RH_wt,RH_sp,RH_sm,RH_at,CMI_wt,CMI_sp,CMI_sm,CMI_at,MAT,MWMT,MCMT,TD,MAP,MSP,AHM,SHM,DD_0,DD5,DD_18,DD18,NFFD,bFFP,eFFP,FFP,PAS,EMT,EXT,rsds,Eref,CMD,RH,CMI,DD1040
00NCc13,2000,49.22752855,-120.9627241,900,-1.7,2.4,6.4,10.7,15.1,19.5,23.5,23.5,18.7,11.7,2.7,-2,-8,-6,-3.9,-1,2.1,5.9,8.2,7.9,4.6,0.6,-3.8,-7.6,-4.9,-1.8,1.3,4.9,8.6,12.7,15.9,15.7,11.6,6.2,-0.5,-4.8,168,101,95,67,50,45,37,43,50,101,181,179,5.4,7.4,13.4,19.1,22.4,23.8,23,20.5,15.4,9.1,5.3,4.2,175,90,47,11,1,0,0,0,0,6,72,169,0,0,8,44,122,230,337,333,204,75,4,0,709,550,521,395,291,157,79,86,193,368,556,702,0,0,0,0,0,4,13,15,5,0,0,0,2,3,5,11,21,28,31,31,26,17,6,2,114,56,37,11,3,0,0,0,1,4,72,130,0,0,35,60,93,114,133,114,69,34,0,0,0,0,0,0,43,69,96,71,19,0,0,0,73,67,63,61,58,58,54,54,56,63,75,76,16.77,9.63,8.12,3.58,-0.77,-3.86,-7.33,-6.76,-3.1,6.47,17.45,17.85,-0.4,10.8,22.2,11.1,-7.2,-0.9,7.3,0.5,-3.8,4.9,14.7,5.8,448,212,126,333,5.7,18.3,22.5,9.9,433,60,0,78,0,175,900,283,1961,1208,322,1116,0,0,32,5,6,37,90,48,299,51,1,77,0,188,361,104,0,43,236,19,72,61,55,65,0,0,0,0,5.4,15.9,-4.9,20.7,1118,226,13.8,70.2,571,1357,4607,38,181,151,265,114,428,-32.3,35.5,14.1,654,298,63,58.05,572
00NCe73,2000,49.12286895,-120.8200364,1455,-3.7,0.2,3.5,7,11.4,15.6,19.6,19.6,15.3,8.7,0,-4.6,-10.3,-8.6,-7,-3.9,-0.6,3.1,5.6,5.6,2.5,-1.7,-6.3,-10.1,-7,-4.2,-1.7,1.5,5.4,9.3,12.6,12.6,8.9,3.5,-3.1,-7.4,161,111,88,74,52,43,36,43,51,88,159,174,5.6,7.8,13.5,19.1,23,23.4,22.8,20.2,15.1,9.3,5.6,4.4,231,143,98,35,5,0,0,0,1,17,129,241,0,0,0,12,52,133,237,236,125,37,0,0,775,618,614,494,391,261,167,170,275,451,633,783,0,0,0,0,0,0,2,3,2,0,0,0,1,1,2,4,12,24,30,29,21,10,3,1,134,89,71,43,13,2,1,1,4,14,103,156,0,0,0,50,78,97,115,98,60,30,0,0,0,0,0,0,26,55,79,56,9,0,0,0,71,64,60,61,60,60,57,57,59,64,74,76,16.13,10.97,8.1,5.71,1.56,-2.24,-5.45,-4.77,-1.19,6.43,15.63,17.41,-2.7,7.3,18.3,8,-9.7,-3.8,4.8,-1.8,-6.2,1.7,11.5,3.1,446,213,122,297,5.9,18.5,22.2,10,615,138,1,148,0,64,606,162,2176,1499,598,1359,0,0,6,2,3,18,83,34,380,127,3,122,0,128,311,90,0,26,189,9,71,60,58,66,0,0,0,0,2.5,12.6,-7.4,20,1079,224,11.6,56.3,901,832,5632,8,138,173,251,78,631,-36.6,32,14.2,529,225,64,68.3,247
00NCe74,2000,49.12958668,-120.8160951,1620,-3.1,-0.2,2.8,6,10.2,14.4,18.3,18.4,14.2,7.7,0.3,-3.6,-10.4,-8.9,-7.5,-4.5,-1.1,2.5,5.3,5.3,2.4,-1.9,-6.7,-10.2,-6.8,-4.5,-2.4,0.7,4.6,8.5,11.8,11.8,8.3,2.9,-3.2,-6.9,165,114,89,75,52,43,36,43,51,88,158,179,5.7,7.8,13.4,18.9,23.1,23.2,22.6,20,14.9,9.3,5.8,4.5,225,150,112,46,7,1,0,0,1,22,132,228,0,0,0,6,40,110,211,212,111,31,0,0,768,627,633,518,416,286,192,192,291,470,637,768,0,0,0,0,0,0,2,2,2,0,1,0,1,1,1,4,10,23,30,29,21,9,2,1,135,94,77,52,18,3,1,1,4,19,105,156,0,0,0,47,73,92,108,93,56,28,0,0,0,0,0,0,21,49,72,50,5,0,0,0,69,64,60,62,62,62,59,59,62,66,71,72,16.46,11.28,8.37,6.09,2.12,-1.43,-4.73,-4.06,-0.47,6.7,15.6,17.85,-2.3,6.3,17.1,7.4,-9.8,-4.4,4.4,-2.1,-6.1,1,10.7,2.7,457,215,122,297,6,18.5,21.9,10,602,165,1,155,0,47,533,142,2162,1568,671,1398,0,0,4,3,3,15,81,33,385,147,4,129,0,120,293,84,0,21,171,5,68,61,60,66,0,0,0,0,2.1,11.8,-6.9,18.7,1091,225,11.1,52.7,924,722,5800,6,132,176,251,75,664,-36.9,30.9,14.1,497,198,64,73.77,187
00NCe75,2000,49.13184343,-120.8212604,1750,-2.4,-0.2,2.4,5.2,9.4,13.5,17.4,17.4,13.4,7,0.7,-2.6,-10.4,-9.1,-7.9,-5,-1.4,2.1,5,5.2,2.4,-2.1,-7.1,-10.2,-6.4,-4.7,-2.8,0.1,4,7.8,11.2,11.3,7.9,2.5,-3.2,-6.4,163,113,89,75,52,43,36,43,51,88,159,177,5.7,7.9,13.4,18.8,23.2,22.9,22.5,19.7,14.7,9.4,6,4.6,216,153,122,55,10,1,0,0,2,26,131,215,0,0,0,3,33,95,191,194,101,28,0,0,757,631,646,537,435,306,211,209,303,484,636,753,0,0,0,0,0,0,1,2,1,0,1,0,1,1,1,3,9,21,29,29,21,9,2,1,130,95,79,58,21,4,1,1,5,24,104,150,0,0,0,44,70,88,103,88,53,26,0,0,0,0,0,0,18,45,67,45,2,0,0,0,66,64,60,62,63,63,61,61,64,68,69,68,16.33,11.27,8.45,6.33,2.43,-0.85,-4.2,-3.51,0.04,6.93,15.6,17.71,-1.7,5.6,16.1,7,-9.9,-4.8,4.1,-2.2,-5.8,0.4,10.1,2.4,454,215,122,297,6.1,18.5,21.7,10,583,187,1,159,0,36,480,128,2141,1618,726,1423,0,0,3,2,3,14,80,32,375,158,6,133,0,114,279,80,0,18,157,2,66,62,62,67,0,0,0,0,1.8,11.3,-6.4,17.7,1089,225,10.8,50.2,930,645,5908,5,128,178,252,74,672,-37,30.1,14.1,473,177,64,76.52,149
00NCe76,2000,49.12956482,-120.8230328,1665,-2.8,-0.1,2.7,5.7,9.9,14.1,18,18.1,13.9,7.5,0.5,-3.3,-10.4,-8.9,-7.6,-4.7,-1.2,2.4,5.2,5.3,2.4,-2,-6.8,-10.1,-6.6,-4.5,-2.5,0.5,4.4,8.3,11.6,11.7,8.2,2.8,-3.2,-6.7,161,111,88,75,51,43,36,43,51,88,159,174,5.7,7.9,13.4,18.9,23.1,23.1,22.6,19.9,14.8,9.3,5.8,4.6,220,150,115,49,8,1,0,0,1,23,131,223,0,0,0,5,38,105,205,206,108,30,0,0,763,627,636,525,422,293,198,198,295,474,635,762,0,0,0,0,0,0,1,2,2,0,1,0,1,1,1,3,10,22,30,29,21,9,2,1,130,92,77,54,19,3,1,1,5,21,104,151,0,0,0,46,72,91,106,91,55,27,0,0,0,0,0,0,21,48,70,48,4,0,0,0,68,64,60,62,62,62,60,60,63,67,70,71,16.05,11.05,8.33,6.17,2.16,-1.23,-4.55,-3.86,-0.29,6.81,15.59,17.4,-2,6.1,16.7,7.3,-9.8,-4.5,4.3,-2.1,-5.9,0.8,10.5,2.6,446,214,122,297,6,18.5,21.8,10,593,171,1,155,0,43,516,138,2152,1583,689,1404,0,0,3,3,3,15,81,33,372,150,5,129,0,118,288,83,0,21,166,4,67,61,61,67,0,0,0,0,2,11.7,-6.7,18.4,1080,224,11.1,52,920,697,5828,6,131,177,252,75,656,-36.8,30.6,14.1,489,191,64,73.65,174
00NCe77,2000,49.06956013,-120.905716,1470,-2.8,0.4,3.4,7,11.3,15.4,19.5,19.5,15.2,8.7,0.6,-3.6,-10.1,-8.4,-6.9,-3.9,-0.4,3.3,5.9,5.8,2.8,-1.5,-6.2,-9.9,-6.5,-4,-1.7,1.6,5.4,9.4,12.7,12.7,9,3.6,-2.8,-6.7,164,106,89,78,53,47,38,45,54,94,169,173,5.7,7.8,13.4,19.1,23,23.3,22.8,20.1,15.1,9.3,5.7,4.5,217,138,97,35,5,0,0,0,1,17,121,223,0,0,0,12,53,133,240,239,129,38,0,0,758,612,613,493,390,260,165,167,270,449,624,762,0,0,0,0,0,0,2,3,2,0,0,0,1,1,2,4,13,25,30,30,22,10,3,1,131,84,72,45,13,2,1,1,4,15,105,150,0,0,0,50,78,96,114,98,59,30,0,0,0,0,0,0,25,49,76,53,5,0,0,0,69,64,61,61,61,61,58,58,60,65,72,73,16.43,10.48,8.28,6.1,1.72,-1.74,-5.11,-4.44,-0.85,7.03,16.62,17.28,-2,7.3,18.1,8.2,-9.4,-3.7,5,-1.6,-5.7,1.8,11.6,3.3,443,220,130,317,6,18.5,22.1,10,577,137,1,139,0,64,612,167,2133,1496,592,1342,0,0,6,2,3,19,84,35,365,130,3,124,0,127,308,89,0,25,178,5,69,61,59,66,0,0,0,0,2.7,12.7,-6.7,19.4,1111,237,11.5,53.6,854,843,5563,8,141,172,254,82,622,-36.2,31.9,14.1,524,208,64,71.8,254
00NCe78,2000,49.08614425,-120.9258513,1840,-3.1,-0.8,1,4.5,8.6,12.7,16.6,16.7,12.7,6.4,-0.4,-3.1,-10.3,-9.1,-8.1,-5.2,-1.5,2,5,5.3,2.7,-2.1,-7.2,-10.1,-6.7,-4.9,-3.5,-0.3,3.5,7.3,10.8,11,7.7,2.1,-3.8,-6.6,180,112,95,79,54,48,39,45,55,97,177,178,5.7,7.7,12.8,18.5,23.2,22.6,22.3,19.5,14.5,9.3,5.8,4.6,224,160,140,63,12,1,0,0,2,29,146,219,0,0,0,1,29,84,178,183,96,25,0,0,767,638,669,550,449,320,224,220,309,494,654,758,0,0,0,0,0,0,0,1,1,0,1,0,1,1,1,3,9,21,29,29,22,9,2,1,147,95,88,64,25,5,1,2,6,30,126,152,0,0,0,0,66,84,98,84,51,25,0,0,0,0,0,0,12,36,59,39,0,0,0,0,69,65,63,64,65,65,63,64,67,70,72,70,17.96,11.14,9.26,6.9,2.96,0.15,-3.44,-2.85,0.82,8.07,17.5,17.76,-2.3,4.7,15.3,6.2,-9.8,-4.9,4.1,-2.2,-6.1,-0.1,9.7,2,469,228,132,329,6,18.2,21.5,9.9,603,215,1,177,0,30,446,121,2163,1667,764,1458,0,0,1,2,3,13,79,33,394,178,8,162,0,66,266,76,0,12,134,0,68,64,64,69,0,0,0,0,1.4,11,-6.7,17.7,1158,241,9.8,45.5,997,597,6052,4,128,177,254,77,742,-36.8,29.4,13.9,408,146,66,86.23,127
00NCe79,2000,49.08811762,-120.9446303,1790,-3.2,-0.6,1.4,4.8,8.9,13,16.8,16.9,13,6.7,0,-2.9,-10.1,-8.8,-7.8,-4.9,-1.2,2.3,5.3,5.6,3,-1.9,-7,-9.8,-6.6,-4.7,-3.2,0,3.8,7.6,11,11.2,8,2.4,-3.5,-6.4,184,115,97,81,55,49,40,46,56,100,181,183,5.7,7.6,12.8,18.5,23.1,22.6,22.2,19.5,14.5,9.3,5.9,4.6,222,154,132,58,10,1,0,0,2,26,138,214,0,0,0,3,32,90,186,193,102,27,0,0,764,632,658,541,439,312,216,211,302,485,644,752,0,0,0,0,0,0,1,2,1,0,1,0,1,1,1,3,10,22,30,29,22,9,2,1,149,97,89,63,23,4,1,2,5,28,124,155,0,0,0,0,67,85,99,85,51,26,0,0,0,0,0,0,13,36,58,39,0,0,0,0,70,66,63,64,65,65,64,64,67,70,71,71,18.36,11.48,9.41,7,2.9,0.06,-3.31,-2.81,0.75,8.27,17.93,18.26,-2.2,5,15.6,6.6,-9.6,-4.6,4.4,-2,-5.9,0.2,10,2.3,481,233,135,337,6,18.1,21.4,9.9,590,200,1,166,0,35,469,129,2148,1639,739,1431,0,0,3,2,3,14,81,34,400,176,7,157,0,67,268,77,0,13,133,0,69,64,64,69,0,0,0,0,1.6,11.2,-6.6,17.9,1187,246,9.8,45.8,957,632,5957,5,132,175,256,81,740,-36.4,29.7,13.9,412,146,67,88.28,143
00NCe82,2000,49.04462405,-120.9646257,1810,-3.2,-0.8,1.2,4.7,8.8,12.9,16.7,16.9,13,6.6,-0.2,-3.1,-10.1,-8.8,-7.9,-5,-1.4,2.1,5.3,5.3,2.8,-2,-7,-9.8,-6.6,-4.8,-3.3,-0.2,3.7,7.5,11,11.1,7.9,2.3,-3.6,-6.5,179,118,99,84,59,52,41,49,56,104,185,190,5.7,7.5,12.8,18.6,23.2,22.6,22.2,19.5,14.6,9.3,5.9,4.6,222,157,136,60,11,1,0,0,2,27,142,216,0,0,0,2,31,88,184,188,100,26,0,0,764,634,664,545,443,315,218,215,305,489,648,755,0,0,0,0,0,0,0,2,1,0,0,0,1,1,1,3,10,21,30,29,22,9,2,1,146,100,91,67,26,5,1,2,6,30,129,162,0,0,0,0,67,85,98,85,52,26,0,0,0,0,0,0,8,33,57,36,0,0,0,0,70,67,64,64,65,65,64,63,67,69,72,72,17.94,11.76,9.63,7.33,3.4,0.38,-3.18,-2.53,0.81,8.64,18.34,18.96,-2.4,4.9,15.5,6.4,-9.6,-4.8,4.2,-2.1,-6,0.1,9.9,2.2,487,242,142,345,6,18.2,21.5,9.9,595,207,1,171,0,33,460,126,2154,1651,748,1442,0,0,2,1,3,14,80,33,407,184,8,165,0,67,268,77,0,8,126,0,70,64,64,69,0,0,0,0,1.5,11.1,-6.6,17.8,1217,258,9.5,43.1,973,619,5995,3,130,176,255,78,764,-36.4,29.7,13.9,412,134,67,91.49,137
00NCe83,2000,49.0409285,-120.9723988,1800,-3.1,-0.8,1.3,4.8,8.9,13,16.7,16.9,13,6.6,-0.1,-3.1,-10.1,-8.8,-7.8,-5,-1.3,2.2,5.3,5.4,2.8,-2,-7,-9.8,-6.6,-4.8,-3.2,-0.1,3.8,7.6,11,11.2,7.9,2.3,-3.6,-6.4,182,120,101,86,60,52,42,50,58,105,188,193,5.7,7.5,12.8,18.6,23.2,22.6,22.2,19.5,14.6,9.3,5.9,4.6,221,156,134,58,11,1,0,0,2,27,140,215,0,0,0,2,32,89,186,190,101,26,0,0,763,633,661,542,441,314,217,213,303,488,646,754,0,0,0,0,0,0,1,2,1,0,0,0,1,1,1,3,10,22,30,29,22,9,2,1,147,101,93,67,26,5,1,2,6,30,130,164,0,0,0,0,67,85,98,85,52,26,0,0,0,0,0,0,7,33,56,35,0,0,0,0,71,67,64,64,65,65,64,63,67,69,72,72,18.2,11.96,9.8,7.48,3.44,0.4,-3.13,-2.46,0.93,8.77,18.59,19.27,-2.3,5,15.5,6.5,-9.5,-4.7,4.3,-2,-5.9,0.2,9.9,2.2,495,247,144,351,5.9,18.2,21.4,9.9,591,203,1,169,0,34,465,127,2150,1644,743,1438,0,0,3,1,3,14,80,33,412,186,8,166,0,67,268,77,0,7,124,0,70,64,64,69,0,0,0,0,1.6,11.2,-6.6,17.8,1236,262,9.4,42.7,964,626,5974,4,131,176,255,79,772,-36.3,29.7,13.9,413,132,67,93.26,140
00NCe84,2000,49.04042506,-120.9724193,685,1.5,5.4,8.7,12.2,17,20.8,25,24.5,19.7,13.6,6.1,2,-7,-4.9,-2.5,0.6,3.7,7.4,9.3,9.7,6.1,2.4,-2.7,-6.8,-2.8,0.2,3.1,6.4,10.4,14.1,17.1,17.1,12.9,8,1.7,-2.4,182,120,101,85,60,52,42,50,57,105,188,192,5.4,8.1,13.9,18.9,22.2,23.6,23,20.3,15.3,9.1,5.6,4.3,123,58,29,6,0,0,0,0,0,3,38,110,0,5,23,68,173,273,377,375,237,114,14,0,645,493,463,349,233,125,51,57,161,311,489,630,0,0,0,0,0,9,25,27,9,0,0,0,3,4,8,16,25,29,31,31,28,22,8,2,87,37,16,6,1,0,0,0,1,1,40,92,0,20,40,64,100,119,140,116,71,37,15,0,0,0,0,0,40,67,98,66,14,0,0,0,66,62,61,62,58,59,54,56,58,64,68,65,17.83,10.88,7.92,4.76,-1.03,-3.57,-7.61,-6.22,-2.54,5.84,17.37,18.82,3,12.6,23.4,13.1,-6.3,0.6,8.8,1.9,-1.7,6.6,16.1,7.5,493,246,144,350,5.9,18.3,22.3,10,290,35,0,41,5,264,1025,366,1768,1045,233,960,0,0,61,9,9,50,91,57,216,23,0,42,20,205,375,124,0,40,231,14,64,61,57,63,0,0,0,0,7.2,17.1,-2.8,19.9,1233,261,13.9,65.7,367,1660,4007,70,206,136,276,140,282,-30.8,35.9,14.2,724,285,61,62.45,757
00NCe85,2000,49.03686803,-120.9645592,1705,-2.7,-0.2,1.9,5.4,9.6,13.6,17.5,17.6,13.6,7.2,0.3,-2.6,-9.9,-8.5,-7.4,-4.5,-0.9,2.6,5.6,5.7,3.1,-1.6,-6.6,-9.6,-6.3,-4.3,-2.8,0.5,4.3,8.1,11.6,11.7,8.3,2.8,-3.2,-6.1,180,118,99,84,60,52,41,50,56,103,185,190,5.7,7.6,12.9,18.6,23.1,22.7,22.3,19.6,14.6,9.3,5.9,4.6,212,145,121,50,8,1,0,0,1,23,131,206,0,0,0,5,38,102,202,207,111,30,0,0,753,621,645,526,424,297,200,198,291,473,635,744,0,0,0,0,0,0,1,2,2,0,0,0,1,1,2,4,11,23,30,30,23,10,3,1,142,96,89,61,22,4,1,1,5,24,122,158,0,0,0,45,70,88,102,88,53,27,0,0,0,0,0,0,10,36,61,38,0,0,0,0,70,66,63,63,64,64,63,63,66,69,72,71,17.98,11.75,9.55,7.16,3.11,-0.06,-3.58,-2.81,0.45,8.44,18.26,18.99,-1.8,5.6,16.2,7,-9.3,-4.3,4.7,-1.7,-5.6,0.7,10.5,2.6,488,243,142,345,6,18.2,21.5,9.9,563,179,1,155,0,42,511,141,2118,1595,695,1399,0,0,3,2,3,16,82,35,396,172,6,151,0,115,278,80,0,10,135,0,69,64,63,69,0,0,0,0,2.1,11.7,-6.3,17.9,1218,258,9.9,45.2,898,695,5807,5,137,173,257,83,724,-35.9,30.3,13.9,472,146,66,89.25,173
00NCe86,2000,49.04063959,-120.9800327,1745,-2.9,-0.5,1.7,5.2,9.3,13.3,17.1,17.3,13.3,7,0.1,-2.9,-9.9,-8.6,-7.5,-4.7,-1.1,2.4,5.6,5.6,3,-1.8,-6.8,-9.6,-6.4,-4.5,-2.9,0.2,4.1,7.9,11.3,11.5,8.2,2.6,-3.3,-6.2,183,121,101,85,61,52,42,50,57,106,189,193,5.7,7.5,12.9,18.6,23.1,22.7,22.2,19.6,14.6,9.3,5.9,4.6,216,150,125,53,9,1,0,0,1,24,134,210,0,0,0,4,35,96,195,200,107,29,0,0,757,626,650,533,431,304,207,204,296,479,639,748,0,0,0,0,0,0,1,2,2,0,0,0,1,1,1,3,10,22,30,29,22,10,2,1,146,100,91,65,24,4,1,2,5,27,126,162,0,0,0,44,69,86,100,87,53,26,0,0,0,0,0,0,8,34,58,37,0,0,0,0,70,67,63,63,65,64,63,63,66,69,71,72,18.28,12,9.75,7.37,3.34,0.17,-3.31,-2.63,0.7,8.74,18.63,19.32,-2.1,5.4,15.9,6.8,-9.3,-4.4,4.5,-1.9,-5.7,0.5,10.2,2.5,497,247,144,352,6,18.2,21.5,9.9,575,187,1,160,0,39,491,136,2131,1614,715,1414,0,0,3,2,3,15,82,34,407,180,7,158,0,113,273,79,0,8,129,0,69,64,64,69,0,0,0,0,1.9,11.5,-6.4,17.9,1240,262,9.6,43.7,924,665,5875,5,134,174,256,82,752,-36,30.1,13.9,465,138,66,92.37,158
00NCe87,2000,49.03145849,-120.9420956,1820,-3.3,-0.9,1.1,4.7,8.8,12.9,16.7,16.9,12.9,6.5,-0.3,-3.3,-10.2,-8.9,-8,-5.1,-1.5,2,5.1,5.2,2.6,-2.2,-7.1,-9.9,-6.8,-4.9,-3.4,-0.2,3.6,7.5,10.9,11.1,7.8,2.1,-3.7,-6.6,165,108,92,79,55,48,39,46,55,96,170,176,5.7,7.6,12.8,18.7,23.2,22.7,22.3,19.6,14.6,9.3,5.9,4.6,225,159,138,61,11,1,0,0,2,29,143,221,0,0,0,2,30,87,182,186,98,25,0,0,768,637,666,546,445,317,220,217,307,493,650,760,0,0,0,0,0,0,0,2,1,0,0,0,1,1,1,3,9,21,29,29,22,9,2,1,135,92,85,63,25,5,1,2,6,30,119,151,0,0,0,0,67,85,99,85,52,25,0,0,0,0,0,0,12,37,60,40,0,0,0,0,70,66,63,63,65,64,63,63,66,69,72,72,16.46,10.74,8.92,6.83,2.98,0.02,-3.52,-2.92,0.7,7.91,16.8,17.57,-2.5,4.9,15.5,6.4,-9.7,-4.9,4.1,-2.2,-6.1,0,9.8,2.1,448,226,132,321,6,18.2,21.5,9.9,604,210,1,174,0,32,455,123,2164,1658,754,1451,0,0,2,1,3,13,79,32,378,173,8,154,0,67,269,77,0,12,137,0,70,64,64,69,0,0,0,0,1.5,11.1,-6.8,17.8,1127,242,10.2,45.6,990,610,6027,3,128,177,254,76,713,-36.6,29.7,13.9,413,149,66,82.5,133
00NCe89,2000,49.05549669,-120.9155332,1725,-2.6,-0.2,2.1,5.4,9.6,13.6,17.5,17.6,13.6,7.2,0.6,-2.6,-10.1,-8.8,-7.6,-4.7,-1.2,2.4,5.4,5.5,2.8,-1.8,-6.9,-9.9,-6.3,-4.5,-2.8,0.3,4.2,8,11.5,11.5,8.2,2.7,-3.1,-6.3,163,106,89,78,53,47,38,45,54,94,169,173,5.7,7.8,13.1,18.8,23.2,22.8,22.4,19.7,14.7,9.4,5.9,4.6,214,149,122,52,8,1,0,0,1,23,129,210,0,0,0,4,36,99,200,202,107,30,0,0,755,626,646,530,427,301,203,202,295,476,633,749,0,0,0,0,0,0,1,2,2,0,1,0,1,1,1,3,10,22,30,29,22,9,2,1,129,87,79,58,20,4,1,1,5,23,110,145,0,0,0,45,71,88,103,88,54,27,0,0,0,0,0,0,17,41,65,43,0,0,0,0,68,65,62,63,63,64,62,62,65,68,69,69,16.31,10.52,8.5,6.57,2.48,-0.49,-4.03,-3.32,0.27,7.49,16.57,17.29,-1.8,5.7,16.2,7.1,-9.6,-4.5,4.4,-2,-5.7,0.6,10.3,2.6,442,220,130,317,6.1,18.4,21.7,10,574,182,1,154,0,41,500,137,2129,1603,707,1405,0,0,3,3,3,15,81,34,362,158,6,138,0,116,279,80,0,17,149,0,67,63,62,68,0,0,0,0,2,11.5,-6.3,17.9,1109,238,10.8,48.5,911,677,5844,6,133,176,255,79,663,-36.4,30.2,14,475,167,65,78.16,164
00NCe90,2000,49.06442921,-120.8922135,1325,-3.2,0.8,4.2,7.9,12.2,16.5,20.7,20.6,16.1,9.4,0.5,-4.4,-10,-8.2,-6.4,-3.4,0,3.8,6.2,6,2.8,-1.3,-5.8,-9.8,-6.6,-3.7,-1.1,2.3,6.1,10.1,13.4,13.3,9.5,4,-2.7,-7.1,160,105,88,77,53,47,38,44,54,93,168,171,5.6,7.9,13.6,19.2,22.9,23.5,23,20.4,15.2,9.3,5.5,4.4,221,130,85,28,3,0,0,0,1,14,118,233,0,0,0,17,64,155,262,259,142,43,0,0,763,603,594,473,370,237,141,147,257,435,620,774,0,0,0,0,0,1,4,5,2,0,0,0,1,1,2,5,14,26,30,30,22,11,3,1,129,80,65,37,10,1,0,1,3,12,102,151,0,0,0,53,82,101,120,103,63,31,0,0,0,0,0,0,29,54,82,59,9,0,0,0,71,64,60,60,60,60,56,56,58,63,74,77,15.99,10.3,8,5.74,1.27,-2.47,-5.8,-5.19,-1.47,6.69,16.46,17.1,-2.3,8.1,19.2,8.6,-9.3,-3.3,5.3,-1.4,-5.8,2.4,12.3,3.6,436,218,129,315,6,18.6,22.3,10,584,116,0,133,0,81,676,185,2140,1437,525,1311,0,0,10,2,3,21,86,36,360,112,2,117,0,134,324,93,0,29,195,9,71,60,57,65,0,0,0,0,3.1,13.4,-7.1,20.5,1098,236,12,56.9,834,941,5413,12,146,170,254,84,592,-35.9,32.9,14.2,552,232,63,66.62,312
00NCe91,NA,49.11667802,-120.8651929,1450,-2.9,0.7,3.6,7.1,11.4,15.6,19.6,19.6,15.3,8.7,0.6,-3.7,-10.2,-8.5,-6.8,-3.8,-0.4,3.3,5.9,5.8,2.8,-1.5,-6.2,-9.9,-6.5,-3.9,-1.6,1.6,5.5,9.5,12.8,12.7,9,3.6,-2.8,-6.8,161,103,88,74,51,43,36,42,51,89,160,165,5.6,7.9,13.5,19.1,22.9,23.3,22.8,20.2,15.1,9.3,5.7,4.5,219,135,95,34,4,0,0,0,1,17,121,225,0,0,0,12,53,136,242,241,130,38,0,0,760,610,610,492,389,257,162,165,270,448,623,765,0,0,0,0,0,0,3,4,2,0,0,0,1,1,2,5,13,25,30,30,22,10,3,1,129,80,70,42,13,2,0,1,4,14,99,143,0,0,0,50,78,97,115,98,60,30,0,0,0,0,0,0,27,54,79,56,9,0,0,0,69,63,60,61,61,61,58,58,60,65,72,73,16.08,10.13,8.12,5.71,1.49,-2.26,-5.4,-4.83,-1.2,6.52,15.67,16.48,-2,7.4,18.3,8.2,-9.5,-3.7,5,-1.7,-5.7,1.8,11.7,3.3,429,213,121,300,6,18.5,22.1,10,579,134,1,139,0,65,619,168,2135,1490,584,1341,0,0,6,2,3,19,84,35,353,125,3,117,0,128,310,89,0,27,189,9,68,61,59,66,0,0,0,0,2.8,12.8,-6.8,19.6,1063,223,12,57.3,853,852,5551,8,141,172,253,82,597,-36.3,32.1,14.2,527,224,63,66.53,259
00NCe92,2000,49.12229155,-120.8690776,1665,-2.8,-0.1,2.3,5.7,9.9,14.1,18,18,13.9,7.4,0.6,-3.1,-10.3,-8.9,-7.6,-4.6,-1.1,2.5,5.4,5.5,2.7,-1.9,-6.8,-10,-6.5,-4.5,-2.6,0.5,4.4,8.3,11.7,11.7,8.3,2.8,-3.1,-6.6,161,104,89,74,52,43,37,42,51,89,160,165,5.7,7.8,13.2,18.8,23.1,23,22.5,19.8,14.8,9.3,5.9,4.6,219,149,118,49,8,1,0,0,1,23,129,220,0,0,0,5,39,106,207,208,109,30,0,0,761,625,641,524,421,292,196,196,293,474,633,759,0,0,0,0,0,0,1,2,2,0,1,0,1,1,1,3,10,23,30,29,22,9,2,1,129,86,79,53,19,3,1,1,5,21,104,142,0,0,0,46,72,90,106,91,55,27,0,0,0,0,0,0,20,47,69,49,4,0,0,0,68,64,61,62,63,63,61,61,64,67,70,71,16.05,10.3,8.47,6.11,2.21,-1.18,-4.4,-3.89,-0.22,6.96,15.72,16.51,-2,6,16.7,7.3,-9.7,-4.4,4.5,-2,-5.9,0.8,10.6,2.6,429,215,122,301,6,18.4,21.8,10,588,174,1,153,0,44,521,140,2145,1587,684,1399,0,0,4,3,3,15,82,33,357,151,5,129,0,118,286,82,0,20,164,4,68,62,61,67,0,0,0,0,2,11.7,-6.6,18.3,1067,225,11.3,52.2,916,705,5815,6,133,176,253,78,641,-36.7,30.6,14,486,188,64,72.63,178
00NCe93,2000,49.13832844,-120.8485222,1615,-3,-0.2,2.5,6,10.2,14.4,18.4,18.4,14.2,7.7,0.3,-3.4,-10.3,-8.8,-7.4,-4.5,-0.9,2.7,5.5,5.5,2.6,-1.8,-6.7,-10.1,-6.7,-4.5,-2.4,0.8,4.6,8.6,11.9,12,8.4,3,-3.2,-6.7,160,107,92,75,53,44,37,43,53,91,162,168,5.7,7.8,13.2,18.9,23.1,23.1,22.6,19.9,14.8,9.3,5.8,4.5,222,149,114,45,7,1,0,0,1,21,131,223,0,0,0,7,41,112,215,216,113,32,0,0,765,626,636,517,414,284,188,189,288,468,635,763,0,0,0,0,0,0,2,2,2,0,1,0,1,1,2,4,11,23,30,29,22,9,2,1,130,88,80,52,18,3,1,1,4,19,106,146,0,0,0,47,73,92,108,92,56,28,0,0,0,0,0,0,20,48,70,49,3,0,0,0,69,64,61,62,62,62,60,60,63,66,71,71,16,10.59,8.72,6.12,2.17,-1.33,-4.53,-3.94,-0.3,7,15.95,16.83,-2.2,6.2,17,7.4,-9.7,-4.3,4.6,-2,-6,1,10.8,2.7,435,220,125,305,6,18.4,21.8,10,595,166,1,153,0,48,543,145,2153,1567,661,1391,0,0,4,3,3,16,82,34,364,150,4,130,0,120,292,84,0,20,167,3,68,62,61,67,0,0,0,0,2.1,12,-6.7,18.7,1085,230,11.2,52,915,736,5773,7,135,175,253,78,648,-36.7,30.9,14,495,191,64,73.28,195
00NCe94,2000,49.1422333,-120.8451718,1565,-3.4,-0.2,2.8,6.3,10.6,14.8,18.7,18.7,14.5,8,0.1,-4,-10.3,-8.7,-7.3,-4.3,-0.8,2.8,5.6,5.6,2.6,-1.8,-6.6,-10,-6.9,-4.4,-2.2,1,4.9,8.8,12.2,12.1,8.5,3.1,-3.2,-7,160,107,92,75,53,44,37,43,53,91,162,169,5.6,7.7,13.3,18.9,23,23.2,22.7,20,14.9,9.3,5.7,4.5,227,148,109,42,6,1,0,0,1,20,132,231,0,0,0,8,44,118,222,222,116,33,0,0,771,625,629,510,407,277,182,183,285,462,637,772,0,0,0,0,0,0,2,3,2,0,0,0,1,1,2,4,11,23,30,29,22,10,3,1,131,88,79,50,16,2,1,1,4,18,107,149,0,0,0,48,75,93,110,94,57,28,0,0,0,0,0,0,22,49,72,51,5,0,0,0,70,65,61,62,62,62,59,59,62,66,72,74,15.95,10.64,8.67,6.04,2.03,-1.55,-4.75,-4.16,-0.49,6.92,15.94,16.9,-2.5,6.6,17.4,7.5,-9.7,-4.1,4.6,-1.9,-6.1,1.2,11,2.8,436,220,125,305,5.9,18.4,21.9,10,607,157,1,153,0,52,563,150,2167,1547,642,1384,0,0,4,2,3,17,83,34,368,145,4,129,0,122,297,85,0,22,172,5,70,61,60,67,0,0,0,0,2.2,12.2,-7,19.2,1086,230,11.3,52.8,918,765,5739,6,136,175,252,78,646,-36.6,31.2,14.1,505,199,64,72.14,210
00NCe95,2000,49.12585389,-120.8366702,1540,-2.9,0.3,3.2,6.5,10.8,15,19,19,14.7,8.2,0.6,-3.5,-10.3,-8.7,-7.2,-4.2,-0.8,2.9,5.5,5.5,2.5,-1.7,-6.5,-10.1,-6.6,-4.2,-2,1.1,5,8.9,12.2,12.2,8.6,3.2,-2.9,-6.8,159,105,88,74,51,43,36,42,51,88,159,164,5.7,7.9,13.5,19,23,23.3,22.7,20.1,15,9.3,5.7,4.5,221,142,104,40,6,1,0,0,1,19,125,225,0,0,0,9,46,122,225,225,119,34,0,0,763,618,622,506,403,273,179,180,282,459,628,765,0,0,0,0,0,0,2,3,2,0,0,0,1,1,2,4,11,24,30,29,21,10,3,1,129,84,74,47,15,2,1,1,4,17,101,143,0,0,0,48,76,95,111,95,58,29,0,0,0,0,0,0,25,52,75,53,7,0,0,0,69,63,60,61,61,61,58,58,61,65,71,72,15.9,10.36,8.22,5.88,1.76,-1.83,-5.05,-4.47,-0.81,6.63,15.6,16.44,-2,6.8,17.6,7.9,-9.7,-4.1,4.6,-1.9,-5.9,1.4,11.1,3,428,213,121,298,6,18.5,22,10,588,150,1,145,0,55,572,153,2146,1531,632,1369,0,0,5,2,3,17,83,34,356,136,4,122,0,124,301,87,0,25,180,7,68,61,59,66,0,0,0,0,2.4,12.2,-6.8,19,1061,223,11.7,54.9,884,781,5677,6,136,174,252,78,617,-36.6,31.5,14.1,512,212,63,68.65,218
114791,2007,49.1638298,-120.7723007,2225,-5.1,-3,-1.3,1.8,5.9,10.1,13.6,13.8,9.9,3.9,-2.1,-4.7,-11.7,-10.8,-10,-7.3,-3.5,0,3.2,3.8,1.5,-3.6,-8.7,-11.3,-8.4,-6.9,-5.7,-2.7,1.2,5,8.4,8.8,5.7,0.2,-5.4,-8,209,147,109,85,66,54,42,50,59,113,203,226,5.4,7.4,12.6,18.4,23.5,22.4,21.9,19,14,9.4,5.9,4.5,264,208,198,115,35,4,0,0,4,56,184,259,0,0,0,0,13,46,108,118,56,14,0,0,818,693,736,621,520,389,298,287,370,555,701,804,0,0,0,0,0,0,0,0,0,0,1,0,1,0,1,1,5,14,26,27,19,6,1,1,187,138,107,81,44,16,3,4,11,67,167,208,0,0,0,0,57,73,86,73,43,21,0,0,0,0,0,0,0,19,43,23,0,0,0,0,72,67,64,64,66,66,66,67,71,72,72,71,20.91,14.72,10.92,8.07,5.08,2.19,-1.29,-0.66,2.65,10.28,20.3,22.61,-4.3,2.1,12.5,3.9,-11.3,-6.9,2.3,-3.6,-7.8,-2.4,7.4,0.2,582,260,147,375,5.8,18.2,21.1,9.8,731,349,5,244,0,13,272,71,2315,1877,974,1626,0,0,0,1,2,6,67,25,534,232,23,245,0,57,232,64,0,0,85,0,70,65,66,72,0,0,0,0,-0.6,8.8,-8.4,17.2,1364,272,6.9,32.4,1329,355,6791,1,100,186,247,61,1035,-39,26.8,13.7,353,85,68,115.78,44
114792,2007,49.16588973,-120.7787018,2225,-5.2,-3.1,-1.3,1.8,5.9,10,13.6,13.8,9.9,3.9,-2,-4.7,-11.7,-10.8,-10.1,-7.3,-3.5,0,3.1,3.7,1.4,-3.6,-8.8,-11.4,-8.5,-7,-5.7,-2.7,1.2,5,8.4,8.8,5.7,0.1,-5.4,-8.1,209,147,110,86,66,55,43,50,60,115,205,226,5.4,7.4,12.6,18.5,23.5,22.4,21.9,19,14.1,9.4,5.9,4.5,266,210,199,116,36,4,0,0,4,56,184,259,0,0,0,0,13,45,107,117,56,14,0,0,820,695,736,622,521,390,300,288,371,556,701,804,0,0,0,0,0,0,0,0,0,0,1,0,1,0,1,1,4,13,26,27,18,5,1,1,188,139,108,82,44,16,3,4,11,69,168,209,0,0,0,0,57,73,86,73,43,21,0,0,0,0,0,0,0,19,43,23,0,0,0,0,72,67,64,64,66,66,66,67,71,71,72,71,20.88,14.75,11.04,8.19,5.1,2.22,-1.24,-0.62,2.75,10.47,20.47,22.63,-4.3,2.1,12.5,3.9,-11.3,-7,2.3,-3.7,-7.8,-2.4,7.4,0.1,583,263,148,379,5.8,18.2,21.1,9.8,735,351,5,245,0,13,269,70,2319,1879,978,1628,0,0,0,1,2,6,66,25,535,234,23,249,0,57,232,64,0,0,84,0,70,64,66,71,0,0,0,0,-0.7,8.8,-8.5,17.2,1372,273,6.8,32.1,1335,352,6803,1,99,186,246,60,1042,-39.1,26.8,13.7,353,84,68,116.64,43
114793,2007,49.16717147,-120.7802963,2200,-5,-2.9,-1.1,2,6.1,10.2,13.8,14,10.1,4.1,-1.9,-4.6,-11.7,-10.7,-9.9,-7.2,-3.4,0.1,3.2,3.8,1.5,-3.6,-8.7,-11.3,-8.3,-6.8,-5.5,-2.6,1.4,5.2,8.5,8.9,5.8,0.3,-5.3,-8,207,146,110,86,66,54,42,50,60,115,203,224,5.5,7.5,12.6,18.5,23.5,22.4,21.9,19.1,14.1,9.4,5.9,4.5,263,207,195,112,34,4,0,0,4,54,181,257,0,0,0,0,14,47,110,121,58,14,0,0,817,691,732,617,516,386,295,284,367,552,698,801,0,0,0,0,0,0,0,0,0,0,1,0,1,0,1,1,5,14,26,27,18,6,1,1,185,137,108,81,44,15,3,4,11,67,166,206,0,0,0,0,58,74,87,74,43,22,0,0,0,0,0,0,0,20,44,24,0,0,0,0,71,67,63,64,65,66,66,67,71,71,71,71,20.68,14.62,11,8.17,5.02,2.09,-1.39,-0.78,2.68,10.4,20.3,22.42,-4.2,2.3,12.7,4.1,-11.3,-6.8,2.4,-3.6,-7.7,-2.3,7.5,0.3,577,262,147,377,5.8,18.2,21.1,9.8,727,340,5,240,0,14,278,72,2309,1865,964,1617,0,0,0,1,2,7,67,25,528,233,22,243,0,58,234,65,0,0,88,0,70,64,66,71,0,0,0,0,-0.5,8.9,-8.3,17.2,1364,273,6.9,32.7,1311,365,6755,1,101,186,246,61,1026,-39,27,13.7,357,88,68,115.2,46
114794,2007,49.16852951,-120.7815018,2145,-4.7,-2.6,-0.8,2.4,6.6,10.6,14.2,14.4,10.5,4.4,-1.6,-4.3,-11.5,-10.5,-9.7,-6.9,-3.2,0.4,3.5,4,1.6,-3.4,-8.5,-11.2,-8.1,-6.6,-5.2,-2.2,1.7,5.5,8.8,9.2,6,0.5,-5,-7.8,204,144,109,86,66,54,42,50,60,113,200,221,5.5,7.5,12.7,18.5,23.4,22.4,22,19.2,14.2,9.4,5.9,4.5,258,200,186,104,29,3,0,0,4,50,176,252,0,0,0,0,16,52,119,129,62,16,0,0,809,684,722,607,505,376,285,274,359,543,691,795,0,0,0,0,0,0,0,0,0,0,1,0,1,1,1,1,5,15,27,27,19,6,1,1,180,134,106,80,42,13,3,3,10,61,160,201,0,0,0,0,59,76,88,76,45,22,0,0,0,0,0,0,0,22,46,26,0,0,0,0,71,67,63,64,65,66,65,66,70,71,71,71,20.37,14.38,10.87,8.08,4.85,1.81,-1.71,-1.12,2.47,10.2,19.98,22.07,-3.9,2.7,13.1,4.4,-11.1,-6.6,2.6,-3.4,-7.5,-1.9,7.8,0.5,568,260,145,373,5.8,18.2,21.2,9.8,710,319,4,230,0,16,300,78,2289,1834,935,1594,0,0,0,1,2,7,69,26,515,228,19,232,0,59,240,67,0,0,94,0,69,64,66,71,0,0,0,0,-0.3,9.2,-8.1,17.3,1347,271,7.2,34,1262,394,6651,1,104,185,247,62,995,-38.7,27.4,13.8,366,94,67,112.25,54
114795,2007,49.16878128,-120.781601,2140,-4.7,-2.6,-0.7,2.4,6.6,10.7,14.3,14.5,10.5,4.5,-1.6,-4.3,-11.5,-10.5,-9.7,-6.9,-3.2,0.4,3.5,4,1.6,-3.3,-8.5,-11.2,-8.1,-6.5,-5.2,-2.2,1.7,5.5,8.9,9.2,6.1,0.6,-5,-7.8,203,143,109,86,66,53,42,50,60,113,199,220,5.5,7.5,12.7,18.5,23.4,22.5,22,19.2,14.2,9.4,5.9,4.5,257,200,185,103,28,3,0,0,4,49,176,251,0,0,0,0,16,52,120,130,63,16,0,0,809,683,721,606,504,375,284,274,359,543,691,795,0,0,0,0,0,0,0,0,0,0,1,0,1,1,1,1,5,15,27,27,19,6,1,1,180,133,106,80,42,13,3,3,10,61,160,201,0,0,0,0,60,76,89,76,45,22,0,0,0,0,0,0,0,23,46,26,0,0,0,0,71,67,63,64,65,66,65,66,70,71,71,71,20.33,14.35,10.86,8.07,4.83,1.78,-1.75,-1.15,2.45,10.18,19.94,22.03,-3.9,2.8,13.1,4.5,-11.1,-6.6,2.6,-3.4,-7.5,-1.9,7.9,0.5,567,260,145,372,5.8,18.2,21.2,9.8,708,317,4,229,0,16,302,78,2287,1831,932,1592,0,0,0,1,2,7,69,26,514,228,19,231,0,60,240,67,0,0,95,0,69,64,66,71,0,0,0,0,-0.2,9.2,-8.1,17.3,1345,270,7.3,34.1,1258,396,6642,1,104,185,247,62,991,-38.7,27.4,13.8,367,95,67,111.91,54
114796,2007,49.17169952,-120.7848969,2100,-4.5,-2.4,-0.5,2.7,6.9,11,14.6,14.8,10.9,4.7,-1.6,-4.3,-11.4,-10.4,-9.5,-6.7,-3,0.6,3.6,4.1,1.7,-3.2,-8.3,-11.1,-7.9,-6.4,-5,-2,2,5.8,9.1,9.5,6.3,0.7,-4.9,-7.7,199,140,107,86,65,52,42,49,59,111,195,215,5.5,7.5,12.7,18.6,23.4,22.5,22,19.2,14.3,9.3,5.9,4.5,254,196,180,97,25,3,0,0,3,46,174,249,0,0,0,0,17,56,127,136,66,17,0,0,804,679,715,599,496,367,276,267,353,537,688,792,0,0,0,0,0,0,0,0,0,0,1,0,1,1,1,2,6,16,27,27,19,6,1,1,174,129,104,79,40,11,3,3,10,57,155,195,0,0,0,0,61,77,90,77,46,22,0,0,0,0,0,0,0,25,48,28,0,0,0,0,70,67,63,64,65,65,65,65,69,71,72,71,19.86,13.96,10.7,8.01,4.65,1.5,-1.99,-1.47,2.27,9.94,19.45,21.5,-3.7,3.1,13.5,4.7,-10.9,-6.4,2.8,-3.3,-7.3,-1.7,8.1,0.7,553,258,143,365,5.9,18.2,21.3,9.8,699,302,3,223,0,17,319,83,2275,1809,910,1577,0,0,0,1,2,8,70,27,499,223,17,221,0,61,244,68,0,0,101,0,69,64,65,71,0,0,0,0,0,9.5,-7.9,17.4,1320,267,7.5,35.4,1228,419,6572,1,107,185,247,63,960,-38.5,27.7,13.8,373,101,67,108.39,61
114797,2007,49.17219924,-120.7894974,2125,-4.6,-2.5,-0.7,2.5,6.7,10.8,14.4,14.6,10.7,4.5,-1.7,-4.4,-11.5,-10.4,-9.6,-6.8,-3.1,0.5,3.5,4,1.6,-3.3,-8.4,-11.1,-8,-6.5,-5.1,-2.1,1.8,5.6,9,9.3,6.1,0.6,-5,-7.7,198,139,107,86,65,52,42,49,59,112,194,214,5.5,7.5,12.6,18.5,23.4,22.5,22,19.2,14.2,9.3,5.9,4.5,256,198,184,101,27,3,0,0,4,48,176,251,0,0,0,0,16,54,123,133,64,16,0,0,807,682,719,603,501,371,280,270,356,541,691,795,0,0,0,0,0,0,0,0,0,0,1,0,1,1,1,1,5,15,27,27,19,6,1,1,174,129,104,80,41,12,3,3,10,59,155,195,0,0,0,0,60,76,89,76,45,22,0,0,0,0,0,0,0,25,47,28,0,0,0,0,70,67,63,64,65,66,65,66,70,71,72,71,19.78,13.89,10.72,8.05,4.73,1.54,-1.88,-1.38,2.34,10.01,19.36,21.42,-3.8,2.9,13.3,4.5,-11,-6.5,2.7,-3.4,-7.4,-1.8,8,0.6,551,258,142,365,5.8,18.2,21.2,9.8,705,312,4,228,0,16,310,80,2283,1824,922,1588,0,0,0,1,2,8,70,26,498,225,18,224,0,60,242,67,0,0,100,0,69,64,65,71,0,0,0,0,-0.2,9.3,-8,17.4,1316,266,7.5,35,1248,406,6617,1,105,185,247,62,965,-38.6,27.6,13.8,370,100,67,108.57,57
02-3085,2019,49.14056015,-120.7638931,2044,-4.3,-2.1,-0.2,3.2,7.4,11.5,15.2,15.3,11.3,5.1,-1.3,-4,-11.2,-10.1,-9.2,-6.4,-2.7,0.8,3.9,4.3,1.8,-3,-8.1,-10.9,-7.7,-6.1,-4.7,-1.6,2.3,6.2,9.5,9.8,6.6,1,-4.7,-7.5,210,147,109,80,65,54,41,49,56,107,197,225,5.6,7.5,12.7,18.7,23.4,22.6,22.2,19.4,14.4,9.4,5.9,4.6,249,189,172,88,21,2,0,0,3,42,167,244,0,0,0,0,20,62,138,147,72,18,0,0,798,671,706,587,485,356,264,256,344,528,680,786,0,0,0,0,0,0,0,0,0,0,1,0,1,1,1,2,6,17,28,28,19,7,2,1,183,135,105,72,38,10,2,3,8,50,153,203,0,0,0,0,62,80,93,79,47,23,0,0,0,0,0,0,0,26,52,30,0,0,0,0,70,66,63,63,64,65,64,65,68,70,71,71,21.05,14.74,10.85,7.33,4.49,1.41,-2.53,-1.84,1.68,9.38,19.63,22.51,-3.5,3.5,14,5,-10.7,-6.1,3,-3.1,-7.1,-1.3,8.5,1,583,254,144,359,5.9,18.3,21.4,9.9,682,282,3,213,0,20,347,90,2255,1778,876,1552,0,0,0,1,2,9,72,28,520,216,15,211,0,62,252,70,0,0,108,0,69,63,64,70,0,0,0,0,0.3,9.8,-7.7,17.5,1340,265,7.7,37,1179,456,6461,1,110,184,248,64,962,-38.2,28.2,13.9,385,108,67,108.7,72
02-3087,2019,49.1199913,-120.752121,1874,-3.3,-1.1,0.9,4.5,8.7,12.9,16.6,16.7,12.6,6.2,-0.5,-3.3,-10.7,-9.5,-8.4,-5.5,-1.9,1.6,4.6,4.8,2.2,-2.5,-7.5,-10.4,-7,-5.3,-3.7,-0.5,3.4,7.2,10.6,10.8,7.4,1.9,-4,-6.9,190,136,101,76,59,50,39,47,51,95,173,204,5.7,7.7,12.9,18.8,23.3,22.9,22.4,19.7,14.6,9.4,5.9,4.6,232,169,146,67,13,1,0,0,2,32,151,227,0,0,0,1,28,82,171,177,90,23,0,0,776,648,676,556,453,324,231,226,318,502,659,767,0,0,0,0,0,0,0,1,1,0,1,0,1,1,1,2,8,20,29,29,21,8,2,1,159,119,95,63,28,6,1,2,6,33,125,178,0,0,0,0,67,85,99,85,51,25,0,0,0,0,0,0,8,35,60,38,0,0,0,0,69,65,63,63,63,63,62,63,66,69,71,70,19.05,13.58,9.91,6.58,3.48,0.28,-3.57,-2.76,0.53,7.85,17.15,20.39,-2.6,4.7,15.4,6.1,-10.2,-5.3,3.7,-2.6,-6.4,-0.3,9.5,1.8,530,236,137,319,6,18.3,21.6,9.9,627,226,2,184,0,28,429,113,2191,1685,781,1479,0,0,1,2,2,11,77,30,456,186,9,164,0,67,270,76,0,8,133,0,68,63,63,69,0,0,0,0,1.2,10.8,-7,17.8,1222,247,9.1,43.5,1039,570,6136,4,121,181,251,70,815,-37.4,29.4,14,413,141,65,92.47,115
02-3088,2019,49.13434982,-120.7645264,1928,-3.7,-1.5,0.5,4.1,8.3,12.4,16.1,16.2,12.2,5.8,-0.8,-3.6,-10.9,-9.7,-8.6,-5.8,-2.2,1.3,4.4,4.7,2.1,-2.6,-7.7,-10.6,-7.3,-5.6,-4.1,-0.9,3.1,6.9,10.2,10.4,7.2,1.6,-4.2,-7.1,204,142,105,77,62,52,40,48,53,103,186,217,5.6,7.6,12.8,18.7,23.3,22.8,22.3,19.6,14.5,9.4,5.9,4.6,238,176,155,73,15,2,0,0,2,35,157,234,0,0,0,0,25,75,159,167,84,21,0,0,783,656,686,566,463,334,242,236,326,510,667,775,0,0,0,0,0,0,0,1,1,0,1,0,1,1,1,2,7,19,29,28,20,7,2,1,173,126,100,66,32,7,2,2,7,39,138,192,0,0,0,0,66,83,97,83,50,24,0,0,0,0,0,0,3,31,57,35,0,0,0,0,69,66,63,63,63,64,63,63,67,69,71,70,20.42,14.2,10.33,6.85,3.93,0.72,-3.22,-2.45,0.95,8.76,18.48,21.65,-2.9,4.3,14.9,5.7,-10.4,-5.5,3.5,-2.7,-6.7,-0.6,9.2,1.5,563,245,140,342,5.9,18.3,21.6,9.9,647,243,2,194,0,25,401,105,2215,1715,812,1503,0,0,1,2,2,10,76,30,491,198,11,184,0,66,264,74,0,3,123,0,68,63,63,69,0,0,0,0,0.9,10.4,-7.3,17.7,1289,256,8.4,40.8,1086,531,6244,3,118,182,250,68,884,-37.7,29,13.9,404,126,66,100.62,99
02-3089,2019,49.14989852,-120.7567673,2136,-4.8,-2.6,-0.7,2.5,6.7,10.8,14.4,14.6,10.7,4.5,-1.6,-4.4,-11.5,-10.5,-9.6,-6.9,-3.1,0.4,3.5,4,1.6,-3.3,-8.4,-11.1,-8.1,-6.6,-5.2,-2.2,1.8,5.6,9,9.3,6.1,0.6,-5,-7.8,211,148,109,82,65,54,41,49,57,107,199,225,5.5,7.5,12.7,18.6,23.4,22.5,22.1,19.2,14.2,9.4,5.9,4.5,258,200,185,101,28,3,0,0,4,49,175,252,0,0,0,0,16,53,122,132,64,16,0,0,810,684,720,604,503,373,281,271,356,542,690,795,0,0,0,0,0,0,0,0,0,0,1,0,1,1,1,1,5,15,27,27,19,6,1,1,187,137,106,76,41,13,3,3,9,57,159,205,0,0,0,0,60,77,90,76,45,22,0,0,0,0,0,0,0,23,49,27,0,0,0,0,71,67,63,63,65,65,65,66,70,71,71,71,21.06,14.75,10.92,7.62,4.74,1.78,-1.98,-1.33,2.09,9.58,19.87,22.46,-3.9,2.8,13.3,4.5,-11,-6.5,2.6,-3.4,-7.5,-1.8,8,0.6,583,256,144,363,5.8,18.2,21.3,9.8,710,314,4,227,0,16,307,80,2289,1827,925,1588,0,0,0,1,2,7,69,26,529,223,18,226,0,60,242,67,0,0,99,0,70,64,65,71,0,0,0,0,-0.2,9.3,-8.1,17.4,1345,265,7.3,35,1255,403,6629,1,105,185,247,62,996,-38.7,27.5,13.8,370,99,67,111.57,56
02-3090,2019,49.1461296,-120.7544632,2119,-4.7,-2.5,-0.6,2.7,6.8,10.9,14.6,14.7,10.8,4.6,-1.5,-4.3,-11.4,-10.4,-9.6,-6.8,-3.1,0.5,3.6,4,1.6,-3.3,-8.4,-11.1,-8,-6.5,-5.1,-2.1,1.9,5.7,9.1,9.4,6.2,0.7,-4.9,-7.7,210,147,109,81,65,54,41,49,56,107,198,225,5.5,7.5,12.7,18.6,23.4,22.5,22.1,19.3,14.3,9.4,5.9,4.6,256,197,182,99,27,3,0,0,3,48,173,250,0,0,0,0,17,55,125,134,65,16,0,0,807,681,718,601,500,370,278,269,354,539,687,793,0,0,0,0,0,0,0,0,0,0,1,0,1,1,1,1,5,15,27,27,19,6,1,1,186,136,106,75,41,12,3,3,9,56,157,204,0,0,0,0,60,77,90,77,46,22,0,0,0,0,0,0,0,23,49,28,0,0,0,0,71,67,63,63,65,65,64,65,69,71,71,71,21.05,14.71,10.93,7.57,4.72,1.72,-2.07,-1.41,2.01,9.54,19.82,22.46,-3.8,3,13.4,4.6,-11,-6.5,2.7,-3.3,-7.4,-1.8,8,0.6,582,256,144,362,5.9,18.2,21.3,9.8,704,308,3,224,0,17,314,81,2281,1819,916,1581,0,0,0,1,2,8,70,27,526,222,18,223,0,60,244,68,0,0,100,0,69,64,65,70,0,0,0,0,-0.1,9.4,-8,17.4,1344,266,7.4,35.3,1240,412,6597,1,106,185,247,62,989,-38.6,27.7,13.8,372,100,67,111.04,59
35079,1979,49.18056106,-120.9610977,770,-1.7,2.8,7.1,11.8,16.2,20.5,24.8,24.7,19.7,12.6,2.7,-2.3,-7.6,-5.5,-3.4,-0.6,2.5,6.2,8.4,8.1,4.6,0.7,-3.2,-7.3,-4.7,-1.4,1.9,5.6,9.3,13.4,16.6,16.4,12.2,6.7,-0.3,-4.8,155,103,90,64,48,44,38,43,48,90,165,170,5.3,7.3,13.5,19.4,22.3,24.2,23.3,20.8,15.7,9.1,5.1,4.1,169,83,40,9,1,0,0,0,0,5,67,169,0,0,13,56,143,251,360,354,218,84,5,0,703,538,502,372,269,142,62,71,180,353,548,703,0,0,0,0,0,6,19,20,7,0,0,0,2,3,6,12,22,29,31,31,26,17,7,2,103,51,27,7,2,0,0,0,1,3,61,124,0,0,37,64,98,120,141,120,73,36,0,0,0,0,0,1,50,76,103,77,25,0,0,0,75,68,63,59,57,56,52,51,54,61,77,79,15.5,9.69,7.36,2.78,-1.71,-4.54,-8.18,-7.67,-3.9,5.02,15.82,16.98,-0.4,11.7,23.3,11.7,-6.8,-0.5,7.6,0.7,-3.6,5.6,15.5,6.2,428,202,125,303,5.6,18.4,22.8,10,421,49,0,72,0,212,965,308,1944,1143,275,1080,0,0,45,7,7,41,90,50,278,35,1,65,0,199,381,109,0,50,256,25,74,59,53,64,0,0,0,0,5.9,16.6,-4.8,21.4,1058,221,15,75,543,1485,4442,52,187,149,265,117,379,-31.6,36.6,14.2,689,331,63,47.16,657
35179,1979,49.08110809,-120.8127975,1210,-2.7,1.8,5.5,8.7,13.1,17.5,21.6,21.6,17,10.2,1.8,-3.4,-9.9,-8,-6,-3,0.3,4.1,6.4,6.2,2.9,-1.1,-5.4,-9.7,-6.3,-3.1,-0.2,2.9,6.7,10.8,14,13.9,10,4.5,-1.8,-6.5,140,95,79,74,49,38,32,38,48,80,142,145,5.6,8.1,14.1,19.4,22.8,23.9,23.2,20.6,15.5,9.3,5.6,4.4,212,117,69,23,2,0,0,0,1,12,98,218,0,0,1,22,76,175,280,277,156,49,0,0,753,586,567,454,350,217,126,129,242,419,594,757,0,0,0,0,0,2,5,6,3,0,0,0,1,1,3,6,15,26,30,30,22,11,4,1,110,67,49,28,7,1,0,1,2,8,74,124,0,0,0,55,86,106,126,107,66,32,0,0,0,0,0,0,37,69,94,69,17,0,0,0,69,62,58,59,59,58,54,54,56,62,71,73,13.95,9.2,6.81,5.13,0.35,-3.9,-7.05,-6.41,-2.75,5.04,13.69,14.54,-1.4,9.1,20.2,9.7,-9.2,-2.9,5.6,-1.2,-5.3,3.1,12.9,4.2,380,202,107,270,6,18.7,22.5,10.1,547,94,0,110,0,99,731,205,2097,1371,472,1254,0,0,13,3,3,24,86,37,301,84,1,84,0,141,339,98,0,37,232,17,68,59,55,63,0,0,0,0,3.7,14,-6.5,20.6,959,205,14.3,68.5,752,1035,5194,16,151,167,254,86,471,-35.8,33.8,14.4,578,286,61,48.6,369
35379,1979,49.08889007,-120.8139038,1210,-3,1.2,5.2,8.7,13.1,17.4,21.5,21.4,16.9,10.2,1.2,-3.7,-9.9,-8,-6,-2.9,0.3,4.1,6.4,6.2,2.8,-1.1,-5.5,-9.7,-6.5,-3.4,-0.4,2.9,6.7,10.7,14,13.8,9.9,4.6,-2.1,-6.7,145,96,82,74,48,40,33,39,49,82,146,151,5.6,7.9,13.9,19.4,22.8,23.8,23.1,20.5,15.4,9.3,5.5,4.4,217,123,72,23,2,0,0,0,1,12,106,223,0,0,0,22,75,173,279,274,153,49,0,0,759,594,572,454,351,219,128,132,245,418,604,762,0,0,0,0,0,2,5,6,3,0,0,0,1,1,3,6,15,26,30,30,22,11,4,1,116,70,53,28,7,1,0,1,3,8,81,130,0,0,0,55,85,106,125,107,65,32,0,0,0,0,0,0,37,66,92,68,16,0,0,0,71,63,58,60,59,58,54,54,56,62,73,74,14.54,9.34,7.2,5.17,0.34,-3.64,-6.84,-6.18,-2.61,5.26,14.22,15.07,-1.8,9,20.1,9.5,-9.2,-2.9,5.5,-1.3,-5.5,3.1,12.8,4.1,392,205,112,277,6,18.7,22.5,10.1,563,97,0,118,0,97,725,203,2116,1378,479,1267,0,0,12,3,3,24,86,37,317,89,2,92,0,140,338,98,0,37,226,16,69,59,56,64,0,0,0,0,3.6,14,-6.7,20.7,986,209,13.8,66.8,778,1025,5239,15,150,167,253,85,499,-35.8,33.6,14.3,576,279,62,51.87,362
12-1929,2015,49.20005416,-120.9982758,906,-1.2,2.5,6.2,10.6,15,19.1,23.3,23.2,18.6,11.7,2.8,-1.4,-7.3,-5.4,-3.7,-0.9,2.2,5.9,8.3,8.1,4.9,0.8,-3.5,-6.9,-4.2,-1.5,1.3,4.8,8.6,12.5,15.8,15.7,11.7,6.3,-0.4,-4.2,166,99,95,66,51,47,38,43,50,98,179,175,5.4,7.2,13.2,19,22.4,23.6,22.9,20.4,15.3,9,5.3,4.2,158,84,47,11,1,0,0,0,0,6,69,153,0,0,8,43,122,225,335,331,207,77,4,0,690,541,521,395,292,166,81,87,190,365,551,684,0,0,0,0,0,4,13,14,6,0,0,0,2,3,5,11,21,28,31,31,26,17,6,2,103,50,37,11,3,0,0,0,1,4,68,118,0,0,35,60,92,112,131,113,68,34,0,0,0,0,0,0,41,64,94,70,19,0,0,0,74,69,64,61,59,59,55,55,58,64,76,77,16.47,9.37,8.08,3.56,-0.6,-3.36,-7.03,-6.56,-2.97,6.23,17.22,17.43,0,10.6,21.9,11,-6.5,-0.8,7.4,0.7,-3.3,4.9,14.6,5.9,440,211,128,327,5.6,18.2,22.3,9.9,396,60,0,75,0,172,891,287,1915,1209,335,1106,0,0,31,6,8,38,90,50,271,50,1,73,0,186,356,103,0,41,228,19,73,61,56,66,0,0,0,0,5.5,15.8,-4.2,20,1107,229,14,69,531,1351,4565,37,185,150,268,118,396,-31.1,35.3,14,645,288,64,57.83,566
12-2000,2019,49.13544082,-120.7637634,1954,-3.8,-1.6,0.4,3.9,8.1,12.2,15.9,16,12,5.7,-0.9,-3.7,-10.9,-9.8,-8.8,-5.9,-2.3,1.2,4.2,4.6,2,-2.7,-7.8,-10.7,-7.4,-5.7,-4.2,-1,2.9,6.7,10.1,10.3,7,1.5,-4.3,-7.2,205,143,106,78,63,53,40,48,54,103,188,218,5.6,7.6,12.8,18.7,23.4,22.8,22.3,19.5,14.5,9.4,5.9,4.6,240,179,159,76,16,2,0,0,2,36,159,236,0,0,0,0,24,72,154,162,81,21,0,0,787,660,690,571,468,339,247,240,330,514,670,777,0,0,0,0,0,0,0,1,0,0,1,0,1,1,1,2,7,18,28,28,20,7,2,1,175,128,101,68,33,8,2,2,7,42,142,194,0,0,0,0,65,83,96,82,49,24,0,0,0,0,0,0,2,30,56,34,0,0,0,0,69,66,63,63,64,64,63,63,67,69,71,70,20.55,14.32,10.45,6.96,4.05,0.88,-3.12,-2.33,1.11,8.89,18.72,21.84,-3,4.1,14.7,5.6,-10.5,-5.7,3.3,-2.8,-6.8,-0.8,9,1.4,567,247,141,345,5.9,18.3,21.5,9.9,655,251,2,198,0,24,388,102,2223,1729,826,1514,0,0,1,1,2,10,75,29,497,202,11,190,0,65,261,73,0,2,120,0,69,63,63,69,0,0,0,0,0.7,10.3,-7.4,17.7,1300,258,8.2,39.9,1106,514,6292,2,116,182,250,67,901,-37.8,28.8,13.9,399,122,66,102.32,93
12-9554,2019,49.0820198,-120.9237823,1792,-3,-0.6,1.3,4.9,9,13.1,16.9,17,13,6.7,-0.2,-2.9,-10.3,-9,-7.9,-5,-1.4,2.1,5.1,5.3,2.7,-2.1,-7,-10,-6.7,-4.8,-3.3,-0.1,3.8,7.6,11,11.2,7.9,2.3,-3.6,-6.5,177,110,94,79,54,48,39,45,55,97,175,176,5.7,7.7,12.9,18.6,23.2,22.7,22.3,19.6,14.6,9.3,5.8,4.6,222,157,135,58,11,1,0,0,2,27,142,217,0,0,0,2,31,90,185,190,100,26,0,0,765,634,662,542,441,313,217,213,305,488,649,756,0,0,0,0,0,0,1,2,1,0,1,0,1,1,1,3,9,21,29,29,22,9,2,1,144,93,87,62,23,4,1,2,5,28,122,151,0,0,0,0,68,85,100,86,52,26,0,0,0,0,0,0,14,38,61,41,0,0,0,0,69,65,63,63,64,64,63,63,66,69,72,70,17.73,11.02,9.12,6.78,2.82,-0.08,-3.62,-3.04,0.62,7.93,17.32,17.65,-2.2,5,15.7,6.5,-9.8,-4.8,4.2,-2.1,-6,0.1,9.9,2.2,464,227,132,326,6,18.2,21.5,9.9,595,204,1,171,0,34,465,126,2155,1645,743,1442,0,0,3,2,3,14,80,33,388,172,7,156,0,68,271,78,0,14,140,0,68,64,63,69,0,0,0,0,1.6,11.2,-6.7,17.8,1149,241,10.1,46.5,971,625,5984,5,129,177,254,77,723,-36.7,29.7,13.9,417,153,66,84.24,140
12-9555,2019,49.16053009,-120.76474,1876,-3.3,-1.1,0.8,4.4,8.7,12.8,16.4,16.6,12.6,6.2,-0.5,-3.3,-10.8,-9.5,-8.4,-5.5,-2,1.6,4.6,4.8,2.2,-2.5,-7.5,-10.5,-7,-5.3,-3.8,-0.6,3.4,7.2,10.5,10.7,7.4,1.9,-4,-6.9,205,144,107,83,65,54,41,49,57,107,196,220,5.6,7.7,12.9,18.8,23.3,22.8,22.3,19.6,14.6,9.3,5.9,4.6,232,169,148,67,13,1,0,0,2,32,151,228,0,0,0,1,27,81,168,174,89,23,0,0,776,649,677,557,454,325,234,228,319,502,659,768,0,0,0,0,0,0,0,1,1,0,1,0,1,1,1,2,8,20,29,29,21,8,2,1,171,126,101,69,31,6,1,2,7,37,142,193,0,0,0,0,67,85,98,84,51,25,0,0,0,0,0,0,2,31,57,35,0,0,0,0,68,65,63,63,63,63,62,63,66,69,71,70,20.5,14.38,10.5,7.34,4.04,0.66,-3.21,-2.46,1.16,9.11,19.5,22.04,-2.6,4.7,15.2,6.1,-10.2,-5.3,3.7,-2.6,-6.4,-0.3,9.4,1.8,569,255,144,361,6,18.3,21.6,9.9,629,228,2,185,0,28,423,112,2193,1688,788,1480,0,0,1,2,2,11,77,30,490,201,10,186,0,67,267,76,0,2,123,0,68,63,63,69,0,0,0,0,1.1,10.7,-7,17.7,1329,267,8.4,40.1,1042,563,6149,3,121,181,251,70,887,-37.5,29.3,13.9,410,125,65,103.55,112
14-4318,2019,49.10192108,-120.7574768,1956,-3.9,-1.6,0.3,3.8,8,12.2,15.9,16,11.9,5.6,-1.1,-3.8,-10.9,-9.7,-8.8,-5.9,-2.3,1.2,4.2,4.6,2.1,-2.7,-7.7,-10.6,-7.4,-5.7,-4.2,-1.1,2.9,6.7,10.1,10.3,7,1.4,-4.4,-7.2,186,134,100,75,58,49,38,47,51,91,169,200,5.6,7.6,12.7,18.7,23.3,22.7,22.3,19.5,14.5,9.3,5.8,4.6,241,179,160,77,17,2,0,0,2,37,161,236,0,0,0,0,23,72,155,161,80,20,0,0,787,659,691,572,470,340,246,241,331,515,672,778,0,0,0,0,0,0,0,1,0,0,1,0,1,1,1,2,7,18,28,28,20,7,2,1,159,120,95,65,31,7,2,2,7,37,128,178,0,0,0,0,65,82,96,82,49,24,0,0,0,0,0,0,6,33,58,35,0,0,0,0,70,66,63,63,64,64,63,64,67,70,72,71,18.6,13.44,9.87,6.67,3.62,0.57,-3.35,-2.43,0.86,7.7,16.82,19.99,-3.1,4,14.7,5.5,-10.4,-5.7,3.3,-2.8,-6.8,-0.8,9,1.3,520,233,134,311,5.9,18.2,21.5,9.9,656,254,2,200,0,23,388,101,2224,1733,827,1518,0,0,1,1,2,10,75,29,457,192,11,172,0,65,261,73,0,6,126,0,69,63,63,70,0,0,0,0,0.7,10.3,-7.4,17.7,1199,244,8.9,42.2,1111,512,6302,2,116,182,250,68,831,-37.7,28.8,13.9,398,133,66,92.36,92
14-4319,2019,49.10179138,-120.7552795,1890,-3.5,-1.2,0.7,4.3,8.5,12.7,16.4,16.5,12.4,6,-0.6,-3.4,-10.7,-9.5,-8.5,-5.6,-2,1.5,4.5,4.8,2.2,-2.5,-7.5,-10.5,-7.1,-5.4,-3.9,-0.7,3.2,7.1,10.5,10.6,7.3,1.8,-4.1,-6.9,186,134,100,75,58,49,38,47,51,91,168,199,5.7,7.6,12.8,18.7,23.3,22.8,22.4,19.6,14.6,9.3,5.9,4.6,234,171,150,69,14,1,0,0,2,33,153,229,0,0,0,0,26,79,167,173,87,23,0,0,779,650,680,560,458,328,234,230,321,505,662,770,0,0,0,0,0,0,0,1,1,0,1,0,1,1,1,2,8,19,29,29,21,8,2,1,156,118,94,63,29,6,1,2,6,33,123,175,0,0,0,0,67,85,99,84,50,25,0,0,0,0,0,0,8,35,61,37,0,0,0,0,69,66,63,63,63,63,62,63,66,69,71,70,18.56,13.37,9.79,6.54,3.43,0.27,-3.59,-2.67,0.57,7.58,16.72,19.95,-2.7,4.5,15.2,5.9,-10.2,-5.4,3.6,-2.6,-6.5,-0.4,9.4,1.7,519,233,134,310,6,18.3,21.6,9.9,634,233,2,188,0,27,419,109,2199,1697,792,1489,0,0,1,2,2,11,77,30,448,186,9,162,0,67,267,75,0,8,133,0,68,63,63,69,0,0,0,0,1,10.6,-7.1,17.7,1196,243,9.2,43.7,1056,555,6176,3,120,181,251,70,806,-37.5,29.2,13.9,409,141,66,90.53,109
14-4320,2019,49.07690048,-120.7710724,1815,-2.8,-0.7,1.3,4.9,9.1,13.3,17.1,17.1,13,6.6,0.1,-2.8,-10.5,-9.2,-8.1,-5.2,-1.7,1.8,4.8,5,2.4,-2.3,-7.2,-10.3,-6.6,-5,-3.4,-0.2,3.7,7.6,10.9,11.1,7.7,2.2,-3.6,-6.5,157,113,94,74,51,40,34,41,51,85,156,173,5.7,7.8,13,18.8,23.3,23,22.5,19.7,14.7,9.4,5.9,4.7,222,161,138,60,11,1,0,0,2,28,141,218,0,0,0,2,31,89,183,186,96,25,0,0,764,639,666,546,443,313,219,217,309,492,647,757,0,0,0,0,0,0,0,2,1,0,1,0,1,1,1,3,9,20,29,29,21,8,2,1,127,97,87,59,22,4,1,1,5,26,108,148,0,0,0,0,69,87,102,87,52,26,0,0,0,0,0,0,18,47,68,46,2,0,0,0,67,65,62,62,63,63,61,62,65,68,70,68,15.71,11.3,9.09,6.32,2.44,-1.01,-4.32,-3.58,0.18,6.84,15.35,17.29,-2.1,5.1,15.8,6.6,-10,-5,3.9,-2.4,-6.1,0,9.9,2.1,443,218,115,292,6,18.4,21.7,10,601,209,1,171,0,33,458,121,2161,1654,750,1449,0,0,2,2,2,13,78,31,372,168,6,139,0,69,276,78,0,18,161,2,67,63,62,68,0,0,0,0,1.5,11.1,-6.6,17.7,1068,217,10.8,51,983,612,6014,4,125,179,252,72,686,-37.1,29.8,14,423,181,65,75.62,133
14-4323,2019,49.16270065,-120.7649994,1994,-3.9,-1.8,0.1,3.6,7.8,11.9,15.5,15.7,11.7,5.4,-1,-3.8,-11,-9.9,-8.9,-6.1,-2.4,1.1,4.2,4.5,2,-2.8,-7.9,-10.7,-7.5,-5.8,-4.4,-1.3,2.7,6.5,9.8,10.1,6.8,1.3,-4.5,-7.3,204,143,106,83,65,53,41,49,58,108,195,219,5.6,7.6,12.7,18.6,23.4,22.7,22.2,19.4,14.4,9.3,5.9,4.6,242,182,164,81,18,2,0,0,3,39,162,238,0,0,0,0,22,67,147,155,77,20,0,0,789,663,697,578,476,346,254,247,335,520,673,780,0,0,0,0,0,0,0,0,0,0,1,0,1,1,1,2,7,18,28,28,20,7,2,1,174,129,102,73,36,9,2,2,8,46,148,195,0,0,0,0,64,81,94,81,48,24,0,0,0,0,0,0,0,28,53,31,0,0,0,0,69,66,63,63,64,64,64,64,68,70,71,70,20.37,14.27,10.52,7.54,4.38,1.11,-2.74,-2.06,1.66,9.42,19.42,21.9,-3.1,3.8,14.3,5.4,-10.6,-5.8,3.2,-2.9,-6.9,-1,8.8,1.2,565,254,143,361,5.9,18.2,21.4,9.9,663,264,2,203,0,22,370,97,2232,1750,848,1528,0,0,0,1,2,10,74,29,498,211,13,203,0,64,255,72,0,0,112,0,69,63,64,70,0,0,0,0,0.5,10.1,-7.5,17.5,1323,266,8,37.9,1133,488,6359,1,114,183,250,67,925,-38,28.5,13.9,391,112,66,105.77,83
14-4324,2019,49.16270065,-120.7649002,1988,-3.8,-1.7,0.1,3.6,7.8,11.9,15.5,15.7,11.7,5.5,-1,-3.8,-11,-9.9,-8.9,-6.1,-2.4,1.1,4.2,4.5,2,-2.8,-7.9,-10.7,-7.4,-5.8,-4.4,-1.2,2.7,6.5,9.9,10.1,6.9,1.3,-4.4,-7.2,203,143,106,83,65,53,41,49,58,108,195,219,5.6,7.6,12.7,18.6,23.4,22.7,22.2,19.4,14.4,9.3,5.9,4.6,242,181,164,81,18,2,0,0,3,38,162,238,0,0,0,0,22,68,148,156,78,20,0,0,789,663,696,577,474,345,253,246,334,519,673,779,0,0,0,0,0,0,0,0,0,0,1,0,1,1,1,2,7,18,28,28,20,7,2,1,174,128,102,73,36,8,2,2,8,46,148,195,0,0,0,0,64,81,94,81,48,24,0,0,0,0,0,0,0,28,53,32,0,0,0,0,69,66,63,63,64,64,64,64,68,70,71,70,20.35,14.25,10.5,7.52,4.36,1.08,-2.78,-2.08,1.63,9.39,19.4,21.87,-3.1,3.9,14.4,5.4,-10.5,-5.8,3.3,-2.9,-6.8,-1,8.8,1.3,565,254,143,360,5.9,18.3,21.4,9.9,661,262,2,202,0,22,372,97,2230,1747,845,1526,0,0,0,1,2,10,74,29,497,211,13,201,0,64,256,72,0,0,113,0,69,63,64,70,0,0,0,0,0.6,10.1,-7.4,17.5,1322,266,8,38,1128,492,6348,1,115,183,250,67,922,-37.9,28.5,13.9,392,113,66,105.5,85
14-4325,2019,49.15930175,-120.7705002,1981,-3.9,-1.7,0.2,3.7,7.8,11.9,15.5,15.7,11.8,5.5,-1,-3.8,-11,-9.9,-8.9,-6.1,-2.4,1.1,4.1,4.5,2,-2.8,-7.9,-10.7,-7.5,-5.8,-4.3,-1.2,2.7,6.5,9.8,10.1,6.9,1.3,-4.4,-7.2,209,147,110,84,66,55,42,50,58,111,202,226,5.6,7.6,12.8,18.7,23.4,22.7,22.2,19.4,14.4,9.3,5.9,4.6,242,181,163,80,18,2,0,0,3,38,161,238,0,0,0,0,22,68,147,156,78,20,0,0,789,663,695,576,474,345,254,246,334,518,672,779,0,0,0,0,0,0,0,0,0,0,1,0,1,1,1,2,7,18,28,28,20,7,2,1,179,133,105,74,36,9,2,2,8,47,154,201,0,0,0,0,64,81,94,81,48,24,0,0,0,0,0,0,0,27,52,31,0,0,0,0,69,66,63,63,64,64,63,64,68,70,71,70,20.88,14.73,10.85,7.65,4.45,1.25,-2.66,-2.02,1.69,9.71,20.17,22.56,-3.1,3.9,14.4,5.4,-10.6,-5.8,3.2,-2.9,-6.8,-1,8.8,1.3,582,260,147,372,5.9,18.3,21.4,9.9,662,261,2,202,0,22,372,98,2231,1745,845,1525,0,0,0,1,2,10,74,29,513,215,13,208,0,64,256,72,0,0,109,0,68,63,64,69,0,0,0,0,0.6,10.1,-7.5,17.6,1360,271,7.8,37.3,1126,492,6346,1,114,183,249,67,949,-38,28.6,13.9,393,109,66,109.27,85
14-4326,2019,49.1603012,-120.7731018,2030,-4.1,-2,-0.1,3.3,7.4,11.5,15.1,15.3,11.4,5.2,-1.1,-3.9,-11.2,-10.1,-9.1,-6.3,-2.7,0.9,3.9,4.3,1.8,-3,-8.1,-10.9,-7.6,-6,-4.6,-1.5,2.4,6.2,9.5,9.8,6.6,1.1,-4.6,-7.4,208,147,109,85,66,55,43,50,59,112,203,225,5.6,7.6,12.8,18.6,23.4,22.6,22.1,19.3,14.4,9.4,5.9,4.6,247,187,170,87,21,2,0,0,3,41,166,242,0,0,0,0,20,63,138,148,73,19,0,0,795,669,703,586,484,354,263,255,342,526,678,784,0,0,0,0,0,0,0,0,0,0,1,0,1,1,1,2,6,17,28,28,20,7,2,1,180,134,105,76,38,10,2,3,9,51,157,202,0,0,0,0,62,80,93,79,47,23,0,0,0,0,0,0,0,25,50,29,0,0,0,0,70,66,63,63,64,65,64,65,68,70,71,70,20.8,14.69,10.86,7.78,4.59,1.45,-2.33,-1.76,1.94,9.89,20.23,22.53,-3.3,3.5,14,5.1,-10.7,-6,3,-3.1,-7,-1.3,8.5,1,580,260,147,374,5.9,18.3,21.4,9.9,676,278,3,210,0,20,349,91,2248,1773,873,1546,0,0,0,1,2,9,73,28,516,220,15,216,0,62,251,71,0,0,104,0,69,63,64,70,0,0,0,0,0.3,9.8,-7.6,17.5,1361,272,7.6,36.2,1166,460,6438,1,111,184,249,65,967,-38.2,28.2,13.8,385,104,67,110.68,74
14-4361,2019,49.15879821,-120.7743988,2093,-4.4,-2.3,-0.4,2.8,7,11.1,14.6,14.8,10.9,4.8,-1.4,-4.1,-11.4,-10.3,-9.4,-6.6,-2.9,0.6,3.7,4.1,1.7,-3.2,-8.3,-11,-7.9,-6.3,-4.9,-1.9,2,5.8,9.2,9.5,6.3,0.8,-4.8,-7.6,209,148,110,85,66,55,43,50,59,113,205,227,5.5,7.5,12.7,18.6,23.4,22.5,22,19.2,14.3,9.4,5.9,4.6,253,194,178,96,25,3,0,0,3,46,171,247,0,0,0,0,17,57,128,137,67,17,0,0,802,677,713,597,496,366,275,266,351,535,684,790,0,0,0,0,0,0,0,0,0,0,1,0,1,1,1,2,6,16,27,28,19,6,1,1,183,136,107,78,40,12,3,3,9,57,161,205,0,0,0,0,61,78,90,77,46,23,0,0,0,0,0,0,0,23,47,27,0,0,0,0,70,66,63,63,65,65,65,65,69,70,71,70,20.89,14.79,10.98,7.89,4.76,1.74,-1.93,-1.38,2.2,10.06,20.43,22.67,-3.6,3.1,13.5,4.8,-10.9,-6.3,2.8,-3.3,-7.3,-1.6,8.2,0.8,584,261,148,376,5.9,18.2,21.3,9.8,693,299,3,220,0,17,322,84,2268,1806,906,1571,0,0,0,1,2,8,71,27,524,225,17,227,0,61,245,69,0,0,97,0,69,64,65,70,0,0,0,0,0,9.5,-7.9,17.4,1369,273,7.3,34.8,1216,423,6552,1,107,185,248,63,994,-38.5,27.8,13.8,374,97,67,113.11,62
14-4382,2019,49.1646614,-120.7790527,2197,-5,-2.9,-1.1,2,6.1,10.2,13.8,14,10.1,4.1,-1.9,-4.6,-11.7,-10.7,-9.9,-7.2,-3.4,0.1,3.2,3.8,1.5,-3.5,-8.7,-11.3,-8.3,-6.8,-5.5,-2.6,1.4,5.2,8.5,8.9,5.8,0.3,-5.3,-8,208,147,110,86,66,55,43,50,60,115,204,226,5.5,7.5,12.6,18.5,23.4,22.4,21.9,19.1,14.1,9.4,5.9,4.5,263,206,194,112,33,4,0,0,4,54,181,257,0,0,0,0,14,47,111,121,58,15,0,0,816,691,731,617,516,385,294,283,367,551,698,801,0,0,0,0,0,0,0,0,0,0,1,0,1,1,1,1,5,14,26,27,19,6,1,1,186,138,108,81,44,15,3,4,11,66,167,207,0,0,0,0,58,74,87,74,44,22,0,0,0,0,0,0,0,20,44,24,0,0,0,0,71,67,64,64,65,66,66,67,71,71,71,71,20.84,14.72,11.02,8.14,5.02,2.11,-1.39,-0.78,2.65,10.4,20.43,22.59,-4.2,2.3,12.7,4.1,-11.2,-6.8,2.4,-3.6,-7.7,-2.2,7.5,0.3,581,262,147,378,5.8,18.2,21.1,9.8,726,339,5,239,0,14,280,73,2308,1864,963,1616,0,0,0,1,2,7,67,25,532,233,22,244,0,58,235,65,0,0,87,0,70,64,66,71,0,0,0,0,-0.5,8.9,-8.3,17.3,1369,273,6.9,32.7,1309,366,6750,1,101,186,246,61,1030,-39,27,13.7,358,87,68,115.73,46
14-4383,2019,49.15822982,-120.7749863,2106,-4.5,-2.3,-0.5,2.7,6.9,11,14.5,14.7,10.8,4.7,-1.4,-4.2,-11.4,-10.4,-9.5,-6.7,-3,0.5,3.6,4.1,1.7,-3.2,-8.3,-11.1,-7.9,-6.4,-5,-2,1.9,5.7,9.1,9.4,6.2,0.7,-4.9,-7.6,209,148,110,85,66,55,43,50,59,113,205,227,5.5,7.5,12.7,18.6,23.4,22.5,22,19.2,14.2,9.4,5.9,4.6,254,195,180,98,26,3,0,0,3,47,172,248,0,0,0,0,17,55,126,135,66,17,0,0,804,678,715,600,498,368,277,268,353,537,686,791,0,0,0,0,0,0,0,0,0,0,1,0,1,1,1,2,6,16,27,27,19,6,1,1,183,137,107,78,41,12,3,3,10,58,162,206,0,0,0,0,60,77,90,77,46,23,0,0,0,0,0,0,0,22,47,27,0,0,0,0,70,66,63,63,65,65,65,66,69,71,71,70,20.9,14.8,11,7.91,4.79,1.8,-1.85,-1.31,2.26,10.09,20.48,22.7,-3.7,3,13.4,4.7,-10.9,-6.4,2.7,-3.3,-7.3,-1.7,8.1,0.7,584,261,148,377,5.9,18.2,21.3,9.8,697,304,3,222,0,17,316,82,2273,1813,913,1576,0,0,0,1,2,8,70,27,526,226,18,229,0,60,244,68,0,0,96,0,69,64,65,70,0,0,0,0,-0.1,9.4,-7.9,17.3,1370,273,7.3,34.5,1226,416,6575,1,106,185,248,63,999,-38.5,27.7,13.8,372,96,67,113.57,60
14-4384,2019,49.15280151,-120.7717896,2062,-4.3,-2.2,-0.3,3.1,7.2,11.3,14.9,15.1,11.2,5,-1.4,-4.1,-11.3,-10.2,-9.3,-6.5,-2.8,0.7,3.8,4.2,1.8,-3.1,-8.2,-11,-7.8,-6.2,-4.8,-1.7,2.2,6,9.4,9.7,6.5,0.9,-4.8,-7.5,210,148,110,84,66,55,42,49,58,111,203,227,5.5,7.5,12.7,18.6,23.4,22.6,22.1,19.3,14.3,9.4,5.9,4.6,250,191,175,91,23,3,0,0,3,43,170,246,0,0,0,0,19,60,134,143,70,18,0,0,800,673,709,591,490,360,269,260,346,531,683,788,0,0,0,0,0,0,0,0,0,0,1,0,1,1,1,2,6,16,28,28,19,7,2,1,183,136,107,76,39,11,2,3,9,53,159,205,0,0,0,0,62,79,92,78,47,23,0,0,0,0,0,0,0,24,49,29,0,0,0,0,70,66,63,63,65,65,64,65,69,70,72,71,21,14.81,10.98,7.7,4.69,1.57,-2.21,-1.65,1.99,9.82,20.25,22.71,-3.5,3.3,13.8,4.9,-10.8,-6.2,2.9,-3.2,-7.2,-1.4,8.4,0.9,585,260,146,372,5.9,18.2,21.3,9.8,687,289,3,216,0,19,336,88,2261,1790,888,1560,0,0,0,1,2,8,72,27,524,222,16,221,0,62,249,70,0,0,103,0,69,64,65,70,0,0,0,0,0.2,9.7,-7.8,17.5,1363,270,7.4,35.8,1195,442,6499,1,109,184,248,64,983,-38.3,28,13.8,380,103,67,111.67,68
14-4385,2019,49.16463088,-120.7775726,2217,-5.1,-3,-1.3,1.9,6,10.1,13.7,13.9,10,4,-2,-4.7,-11.7,-10.8,-10,-7.2,-3.5,0,3.2,3.8,1.4,-3.6,-8.7,-11.4,-8.4,-6.9,-5.6,-2.7,1.3,5.1,8.4,8.8,5.7,0.2,-5.4,-8,209,148,110,86,66,55,43,50,59,115,205,227,5.4,7.4,12.6,18.5,23.5,22.4,21.9,19,14.1,9.4,5.9,4.5,265,208,197,115,35,4,0,0,4,56,183,258,0,0,0,0,13,46,108,118,57,14,0,0,819,693,735,620,519,389,298,287,370,554,700,803,0,0,0,0,0,0,0,0,0,0,1,0,1,0,1,1,5,14,26,27,18,6,1,1,188,139,108,81,44,16,3,4,11,68,168,209,0,0,0,0,57,74,86,73,43,21,0,0,0,0,0,0,0,19,43,23,0,0,0,0,71,67,64,64,66,66,66,67,71,71,72,71,20.92,14.77,11.02,8.16,5.08,2.2,-1.28,-0.67,2.7,10.42,20.49,22.67,-4.3,2.2,12.5,4,-11.3,-6.9,2.3,-3.6,-7.8,-2.4,7.4,0.2,584,262,148,379,5.8,18.2,21.1,9.8,732,347,5,243,0,13,272,71,2315,1874,973,1624,0,0,0,1,2,6,66,25,535,234,23,247,0,57,233,64,0,0,85,0,70,64,66,71,0,0,0,0,-0.6,8.8,-8.4,17.2,1373,273,6.8,32.2,1326,356,6786,1,100,186,246,60,1039,-39.1,26.9,13.7,354,85,68,116.49,44
14-4386,2019,49.10020828,-120.7596817,2009,-4.2,-2,-0.1,3.4,7.6,11.8,15.5,15.6,11.5,5.2,-1.4,-4.1,-11,-9.9,-9,-6.2,-2.5,1,4,4.4,1.9,-2.9,-7.9,-10.7,-7.6,-5.9,-4.5,-1.4,2.5,6.4,9.8,10,6.7,1.2,-4.7,-7.4,186,134,100,75,58,49,38,47,51,91,169,200,5.6,7.5,12.7,18.6,23.4,22.7,22.2,19.4,14.4,9.3,5.8,4.6,246,185,168,84,20,2,0,0,3,40,167,242,0,0,0,0,21,66,146,153,75,19,0,0,794,666,701,581,479,349,256,250,338,524,680,784,0,0,0,0,0,0,0,0,0,0,1,0,1,1,1,2,7,17,28,28,20,7,2,1,161,122,96,67,33,8,2,2,7,41,131,180,0,0,0,0,63,81,94,80,48,23,0,0,0,0,0,0,5,32,56,33,0,0,0,0,71,67,63,63,64,64,63,64,68,70,73,71,18.59,13.44,9.93,6.76,3.73,0.77,-3.08,-2.24,1.06,7.77,16.83,19.99,-3.4,3.6,14.3,5.1,-10.6,-5.9,3.1,-3,-7,-1.1,8.7,1.1,520,233,134,311,5.9,18.2,21.4,9.9,673,271,2,210,0,21,364,94,2244,1761,855,1542,0,0,0,1,2,9,73,28,462,196,12,179,0,63,255,71,0,5,121,0,69,64,64,70,0,0,0,0,0.4,10,-7.6,17.6,1198,243,8.7,41.2,1157,479,6402,1,113,183,249,66,849,-38,28.4,13.9,390,127,67,93.55,80
14-4387,2019,49.09149169,-120.7733994,1955,-3.8,-1.6,0.3,3.8,8,12.2,16,16,12,5.6,-1.1,-3.7,-10.8,-9.7,-8.7,-5.9,-2.3,1.3,4.3,4.6,2.1,-2.7,-7.7,-10.6,-7.3,-5.6,-4.2,-1,2.9,6.7,10.2,10.3,7.1,1.5,-4.4,-7.1,185,128,100,74,56,47,37,46,50,91,166,197,5.6,7.6,12.7,18.6,23.3,22.7,22.3,19.5,14.5,9.3,5.8,4.6,239,177,159,76,16,2,0,0,2,36,161,234,0,0,0,0,23,72,157,163,82,21,0,0,785,658,691,571,468,338,244,239,328,514,672,775,0,0,0,0,0,0,0,1,1,0,1,0,1,1,1,2,7,18,28,28,20,7,2,1,157,114,96,64,29,7,1,2,6,37,126,175,0,0,0,0,65,83,97,82,49,24,0,0,0,0,0,0,9,36,60,36,0,0,0,0,70,66,63,63,64,64,63,64,67,70,72,71,18.48,12.79,9.91,6.58,3.33,0.27,-3.51,-2.55,0.71,7.66,16.56,19.74,-3,4,14.8,5.5,-10.4,-5.6,3.4,-2.8,-6.7,-0.8,9.1,1.4,510,230,130,307,5.9,18.2,21.5,9.9,651,252,2,200,0,23,393,103,2218,1730,821,1514,0,0,1,2,2,10,75,29,446,190,10,169,0,65,262,73,0,9,132,0,69,64,63,70,0,0,0,0,0.7,10.3,-7.3,17.7,1177,235,9.1,43.9,1105,519,6284,3,117,182,250,69,815,-37.6,28.8,13.9,400,141,66,89.96,95
14-4388,2019,49.06903839,-120.7620316,1624,-2.8,0.1,2.5,6.1,10.5,14.7,18.6,18.5,14.3,7.8,0.6,-3.2,-10.3,-8.8,-7.4,-4.5,-1,2.5,5.3,5.4,2.6,-1.8,-6.6,-10,-6.5,-4.4,-2.4,0.8,4.7,8.6,11.9,11.9,8.4,3,-3,-6.6,137,104,88,74,48,38,32,40,51,83,149,155,5.7,7.9,13.3,19,23.2,23.3,22.7,20,15,9.4,5.8,4.6,219,146,114,44,6,1,0,0,1,21,127,220,0,0,0,7,42,114,215,216,114,32,0,0,761,622,636,515,412,282,189,189,288,467,631,759,0,0,0,0,0,0,2,2,2,0,1,0,1,1,2,4,11,23,30,29,21,9,2,1,110,85,77,50,16,2,1,1,4,18,96,133,0,0,0,47,75,94,110,93,57,28,0,0,0,0,0,0,27,55,77,54,6,0,0,0,68,64,61,61,61,61,59,59,62,66,70,71,13.73,10.34,8.32,5.93,1.58,-2.12,-5.27,-4.47,-0.6,6.17,14.62,15.45,-2,6.4,17.3,7.6,-9.7,-4.3,4.4,-2,-5.8,1,10.8,2.8,396,209,110,282,6,18.5,22,10.1,585,165,1,150,0,49,544,146,2142,1563,660,1386,0,0,4,3,3,16,81,33,328,142,4,118,0,122,296,85,0,27,186,6,68,61,60,66,0,0,0,0,2.2,11.9,-6.6,18.6,998,209,12.2,57.3,901,739,5751,7,133,176,253,77,592,-36.6,31,14.1,503,219,64,63.7,196
14-4573,2019,49.07849884,-120.9320297,1590,-2.1,0.4,2.5,6.2,10.4,14.5,18.3,18.4,14.4,8,0.9,-2.1,-9.9,-8.4,-7,-4.1,-0.5,3,5.9,5.9,3.2,-1.4,-6.4,-9.7,-6,-4,-2.2,1.1,4.9,8.8,12.1,12.2,8.8,3.3,-2.8,-5.9,171,110,92,78,54,48,39,45,54,96,173,176,5.7,7.8,13,18.8,23,22.9,22.5,19.8,14.8,9.3,5.8,4.6,205,138,110,41,6,1,0,0,1,19,121,200,0,0,0,8,45,118,221,224,123,35,0,0,744,613,630,508,405,277,183,181,278,457,623,737,0,0,0,0,0,0,2,3,2,0,1,0,1,1,2,4,12,24,30,30,23,11,3,1,132,86,79,51,16,2,1,1,4,17,107,144,0,0,0,47,73,92,107,92,56,28,0,0,0,0,0,0,19,44,68,47,2,0,0,0,67,64,63,63,63,63,61,61,64,67,71,68,17.12,10.81,8.7,6.37,2.21,-1.01,-4.26,-3.72,-0.26,7.45,16.99,17.62,-1.3,6.4,17.1,7.7,-9.3,-3.9,5,-1.5,-5.3,1.3,11,3.1,457,224,132,324,6.1,18.3,21.7,10,543,156,1,141,0,53,562,158,2094,1543,642,1358,0,0,4,3,3,18,84,36,362,146,4,129,0,121,290,84,0,19,158,2,67,63,62,67,0,0,0,0,2.5,12.2,-6,18.2,1137,240,11,50.8,841,773,5636,7,141,171,257,85,641,-36,31,14,495,179,65,78.02,213
14-4577,2019,49.14511871,-120.7613602,2052,-4.3,-2.1,-0.2,3.1,7.3,11.4,15.1,15.2,11.2,5,-1.2,-4,-11.2,-10.2,-9.2,-6.4,-2.8,0.8,3.8,4.3,1.8,-3.1,-8.1,-10.9,-7.7,-6.1,-4.7,-1.6,2.3,6.1,9.5,9.7,6.5,1,-4.7,-7.5,210,148,109,81,65,54,41,49,57,108,199,225,5.6,7.6,12.7,18.6,23.4,22.6,22.2,19.4,14.3,9.4,5.9,4.6,249,190,173,90,22,2,0,0,3,43,167,244,0,0,0,0,19,61,136,145,71,18,0,0,798,672,706,589,487,357,266,258,345,529,680,786,0,0,0,0,0,0,0,0,0,0,1,0,1,1,1,2,6,16,28,28,19,7,2,1,183,135,106,74,38,10,2,3,8,51,154,203,0,0,0,0,62,79,92,79,47,23,0,0,0,0,0,0,0,25,51,30,0,0,0,0,70,66,63,63,64,65,64,65,69,70,71,70,21.04,14.75,10.88,7.46,4.56,1.47,-2.44,-1.78,1.79,9.47,19.83,22.55,-3.5,3.4,13.9,5,-10.8,-6.1,2.9,-3.1,-7.1,-1.4,8.4,0.9,583,256,144,363,5.9,18.3,21.4,9.9,683,284,3,213,0,19,342,89,2256,1783,881,1554,0,0,0,1,2,8,72,28,521,218,15,214,0,62,251,70,0,0,106,0,69,63,64,70,0,0,0,0,0.2,9.7,-7.7,17.5,1347,266,7.6,36.6,1183,450,6474,1,110,184,248,64,968,-38.3,28.1,13.9,383,106,67,109.58,71
14-4585,2019,49.07535934,-120.7685013,1752,-2.4,-0.4,1.7,5.3,9.6,13.8,17.6,17.6,13.5,7,0.4,-2.4,-10.4,-9.1,-7.9,-5,-1.4,2.1,5,5.2,2.5,-2.1,-7,-10.2,-6.4,-4.7,-3.1,0.2,4.1,7.9,11.3,11.4,8,2.5,-3.3,-6.3,150,110,93,74,50,39,33,40,51,84,152,166,5.7,7.8,13.1,18.9,23.3,23.1,22.6,19.8,14.8,9.4,5.9,4.7,216,155,129,54,9,1,0,0,2,26,134,212,0,0,0,3,35,97,194,196,102,28,0,0,758,632,655,535,432,303,209,208,302,483,639,750,0,0,0,0,0,0,1,2,1,0,1,0,1,1,1,3,9,21,29,29,21,9,2,1,120,92,84,56,20,3,1,1,5,23,102,140,0,0,0,45,71,89,104,89,54,26,0,0,0,0,0,0,21,51,71,49,3,0,0,0,66,64,62,62,62,62,60,61,64,68,69,67,15.05,10.93,8.91,6.21,2.13,-1.43,-4.64,-3.88,-0.04,6.55,14.95,16.64,-1.7,5.5,16.3,7,-9.9,-4.8,4.1,-2.2,-5.8,0.4,10.2,2.4,427,216,113,287,6.1,18.4,21.8,10,583,193,1,161,0,38,487,130,2140,1622,719,1424,0,0,3,2,3,14,80,32,353,160,5,129,0,116,283,80,0,21,170,3,66,62,61,67,0,0,0,0,1.8,11.4,-6.4,17.8,1042,213,11.3,53.3,938,655,5906,5,128,178,252,74,647,-37,30.2,14.1,479,194,64,71.36,153
14-4587,2019,49.0782814,-120.917923,1679,-2.4,-0.1,2.2,5.6,9.8,13.9,17.8,17.9,13.8,7.4,0.6,-2.4,-10.2,-8.7,-7.5,-4.6,-1,2.6,5.5,5.6,2.8,-1.8,-6.7,-9.9,-6.3,-4.4,-2.6,0.5,4.4,8.2,11.6,11.7,8.3,2.8,-3.1,-6.2,172,109,91,78,54,47,39,45,54,96,172,175,5.7,7.8,13.1,18.8,23.1,22.9,22.5,19.7,14.8,9.3,5.9,4.6,212,147,118,48,8,1,0,0,1,22,128,207,0,0,0,5,38,105,205,208,111,31,0,0,752,623,641,524,422,293,198,196,291,472,632,745,0,0,0,0,0,0,1,2,2,0,1,0,1,1,1,4,11,23,30,29,22,10,2,1,135,89,81,56,20,3,1,1,5,22,112,146,0,0,0,46,71,89,105,90,54,27,0,0,0,0,0,0,17,42,66,45,0,0,0,0,67,64,62,63,63,63,61,61,64,68,70,68,17.21,10.81,8.71,6.51,2.48,-0.68,-4.11,-3.47,0.08,7.58,16.97,17.47,-1.6,5.9,16.5,7.3,-9.6,-4.3,4.5,-1.9,-5.6,0.8,10.5,2.7,456,224,131,322,6.1,18.3,21.7,10,566,174,1,152,0,44,518,142,2121,1587,687,1395,0,0,4,3,3,16,82,34,370,156,5,138,0,117,283,82,0,17,153,0,67,63,62,67,0,0,0,0,2.1,11.7,-6.3,18,1132,239,10.7,49.1,894,704,5789,6,135,175,255,80,670,-36.5,30.5,14,482,170,65,79.56,177
14-4588,2019,49.0820198,-120.9236526,1792,-3,-0.6,1.3,4.9,9,13.1,16.9,17,13,6.7,-0.2,-2.9,-10.3,-9,-7.9,-5,-1.4,2.1,5.1,5.3,2.7,-2.1,-7,-10,-6.7,-4.8,-3.3,-0.1,3.8,7.6,11,11.2,7.9,2.3,-3.6,-6.5,177,110,94,79,54,48,39,45,55,97,175,176,5.7,7.7,12.9,18.6,23.2,22.7,22.3,19.6,14.6,9.3,5.8,4.6,222,157,135,58,11,1,0,0,2,27,142,217,0,0,0,2,31,90,185,190,100,26,0,0,764,634,662,542,441,313,217,213,305,488,649,756,0,0,0,0,0,0,1,2,1,0,1,0,1,1,1,3,9,21,29,29,22,9,2,1,144,93,87,62,23,4,1,2,5,28,122,151,0,0,0,0,68,85,100,86,52,26,0,0,0,0,0,0,14,38,61,41,0,0,0,0,69,65,63,63,64,64,63,63,66,69,72,70,17.73,11.02,9.12,6.78,2.82,-0.08,-3.62,-3.04,0.62,7.93,17.32,17.65,-2.2,5,15.7,6.5,-9.8,-4.8,4.2,-2.1,-6,0.1,9.9,2.2,464,227,132,326,6,18.2,21.5,9.9,595,204,1,171,0,34,465,126,2155,1645,743,1442,0,0,3,2,3,14,80,33,388,172,7,156,0,68,271,78,0,14,140,0,68,64,63,69,0,0,0,0,1.6,11.2,-6.7,17.8,1149,241,10.1,46.5,971,625,5984,5,129,177,254,77,723,-36.7,29.7,13.9,417,153,66,84.23,140
19JCG13,2019,49.11692047,-120.6429367,1080,-2,2.2,6,10.1,14.7,19,22.9,22.9,18.4,11.3,2.8,-2.2,-9.2,-7.2,-5.1,-2.1,1.2,5,7.2,7,3.6,-0.4,-4.7,-8.8,-5.6,-2.5,0.4,4,8,12,15.1,14.9,11,5.4,-1,-5.5,111,73,63,50,41,38,32,39,43,61,111,129,5.5,7.9,13.8,19.5,22.8,24.1,23.3,20.8,15.8,9.4,5.6,4.4,194,104,59,15,1,0,0,0,0,8,80,189,0,0,4,33,105,211,314,305,185,63,2,0,731,570,547,420,312,180,99,104,211,390,569,725,0,0,0,0,0,3,9,10,4,0,0,0,1,2,3,8,18,28,31,30,24,14,5,1,82,46,33,12,3,0,0,0,2,4,49,102,0,0,35,59,92,113,132,113,70,34,0,0,0,0,0,9,51,75,100,74,27,0,0,0,70,63,60,59,57,57,53,53,54,61,71,72,11.11,6.87,5.05,2.19,-1.46,-4.61,-7.79,-7.06,-3.98,2.66,10.44,12.89,-0.7,10.3,21.6,10.8,-8.4,-2,6.4,-0.5,-4.5,4.1,14,5.2,313,154,109,215,5.9,18.7,22.7,10.2,487,75,0,89,0,142,830,250,2026,1279,383,1171,0,0,22,4,4,30,88,42,230,48,1,54,0,187,358,104,0,61,249,27,68,58,54,62,0,0,0,0,4.7,15.1,-5.6,20.7,791,193,18.6,78.2,651,1223,4858,27,164,160,258,98,332,-34.4,34.9,14.4,649,337,61,26.29,485
19JCG15,2019,49.11320114,-120.6441498,1046,-1.8,2.4,6.2,10.4,15,19.3,23.2,23.1,18.7,11.5,3,-2.1,-9.1,-7.1,-4.9,-1.9,1.3,5.2,7.4,7.1,3.7,-0.3,-4.6,-8.7,-5.5,-2.3,0.6,4.2,8.1,12.2,15.3,15.1,11.2,5.6,-0.8,-5.4,113,73,64,50,41,38,32,39,43,62,112,130,5.5,7.9,13.9,19.6,22.8,24.2,23.4,20.8,15.8,9.4,5.6,4.3,191,101,56,14,1,0,0,0,0,8,77,187,0,0,5,36,110,217,320,315,190,65,3,0,729,565,540,414,306,174,94,99,204,385,565,723,0,0,0,0,0,4,10,11,5,0,0,0,1,2,4,9,18,28,31,30,24,14,5,1,82,45,31,11,3,0,0,0,1,3,48,102,0,0,36,60,94,115,133,114,71,35,0,0,0,0,0,10,52,77,101,75,28,0,0,0,69,63,59,58,57,57,53,53,54,61,71,72,11.28,6.89,5.04,2.13,-1.61,-4.72,-7.96,-7.24,-4.12,2.62,10.53,13.04,-0.5,10.5,21.9,11.1,-8.3,-1.9,6.6,-0.4,-4.4,4.3,14.2,5.3,317,155,109,217,5.9,18.7,22.8,10.3,479,71,0,86,0,151,852,258,2017,1260,367,1154,0,0,25,5,4,31,89,42,230,45,1,53,0,189,362,105,0,62,253,28,68,58,54,62,0,0,0,0,4.9,15.3,-5.5,20.8,798,193,18.6,79.1,636,1261,4797,29,166,159,259,99,328,-34.3,35.1,14.4,656,342,61,25.87,509
19JCG18,2019,49.11236953,-120.6519089,1088,-1.9,2.2,6,10,14.6,19,22.9,22.8,18.3,11.3,2.8,-2.2,-9.2,-7.2,-5.1,-2.1,1.1,5,7.2,7,3.6,-0.4,-4.8,-8.9,-5.6,-2.5,0.4,3.9,7.9,12,15,14.9,11,5.4,-1,-5.5,112,73,64,50,41,38,32,39,43,61,112,129,5.6,7.9,13.9,19.5,22.8,24.1,23.3,20.8,15.7,9.4,5.6,4.4,194,105,59,16,1,0,0,0,0,8,81,190,0,0,4,32,103,209,312,304,184,62,2,0,732,570,547,422,314,182,100,105,212,392,570,726,0,0,0,0,0,3,9,10,4,0,0,0,1,2,3,8,18,27,31,30,24,13,4,1,83,47,33,12,3,0,0,0,2,4,50,102,0,0,35,59,92,113,131,112,69,34,0,0,0,0,0,9,51,75,99,73,26,0,0,0,69,63,59,59,57,57,53,53,55,61,70,72,11.23,6.91,5.12,2.25,-1.41,-4.59,-7.73,-7.02,-3.94,2.71,10.54,12.95,-0.6,10.2,21.5,10.8,-8.4,-2.1,6.4,-0.6,-4.5,4.1,14,5.1,315,155,109,216,6,18.7,22.7,10.2,489,76,0,90,0,140,826,248,2028,1283,387,1174,0,0,22,4,4,29,88,42,232,49,1,55,0,186,357,104,0,60,248,26,68,58,54,62,0,0,0,0,4.7,15,-5.6,20.6,795,193,18.4,78,654,1214,4872,26,163,161,258,98,337,-34.5,34.8,14.4,647,335,61,27.02,479
MP 291,1976,49.03950881,-120.8720016,1308,-3.1,1.2,4.7,8,12.4,16.7,20.8,20.7,16.3,9.6,0.9,-4.2,-10,-8.2,-6.4,-3.3,0,3.8,6.2,6.1,2.9,-1.3,-5.7,-9.8,-6.5,-3.5,-0.8,2.4,6.2,10.2,13.5,13.4,9.6,4.1,-2.4,-7,155,101,86,76,52,45,37,43,54,90,161,167,5.6,8,13.9,19.3,22.9,23.6,23,20.4,15.3,9.3,5.6,4.4,219,126,80,27,3,0,0,0,1,14,112,231,0,0,0,18,66,159,266,263,145,44,0,0,761,598,586,469,366,233,138,144,253,431,612,771,0,0,0,0,0,1,4,5,3,0,0,0,1,1,2,5,14,26,30,30,22,11,3,1,124,75,61,35,9,1,0,1,3,11,94,147,0,0,0,53,82,102,121,103,63,31,0,0,0,0,0,0,31,58,84,61,9,0,0,0,71,63,59,60,60,59,56,56,58,63,73,76,15.48,9.88,7.72,5.62,1.02,-2.79,-6.04,-5.38,-1.62,6.33,15.72,16.71,-2,8.4,19.4,8.9,-9.3,-3.2,5.4,-1.4,-5.7,2.6,12.4,3.8,423,214,124,305,6,18.7,22.3,10.1,576,110,0,127,0,84,687,189,2130,1421,515,1297,0,0,10,3,3,22,86,36,346,105,2,108,0,135,327,94,0,31,202,9,70,59,57,65,0,0,0,0,3.3,13.5,-7,20.5,1066,230,12.4,58.8,812,960,5363,13,147,169,254,85,562,-36,33,14.3,557,242,63,62.64,323
MP 292,1976,49.03998947,-120.8811035,1277,-3.2,1.1,4.9,8.2,12.6,16.9,21,20.9,16.4,9.7,0.7,-4.3,-9.9,-8.1,-6.2,-3.2,0.1,3.9,6.3,6.2,2.9,-1.2,-5.7,-9.8,-6.6,-3.5,-0.7,2.5,6.3,10.4,13.7,13.6,9.7,4.2,-2.5,-7,157,103,88,77,53,46,37,44,55,92,163,169,5.6,8,13.9,19.3,22.8,23.6,23,20.4,15.3,9.3,5.5,4.4,220,125,77,26,3,0,0,0,1,13,113,231,0,0,0,19,69,163,270,267,147,46,0,0,762,597,581,465,361,229,135,139,251,428,613,772,0,0,0,0,0,1,4,5,3,0,0,0,1,1,2,6,14,26,30,30,22,11,3,1,126,76,60,33,9,1,0,1,3,10,96,149,0,0,0,54,83,103,122,104,64,32,0,0,0,0,0,0,30,58,85,61,9,0,0,0,71,63,59,60,59,59,56,55,57,63,74,76,15.65,10.02,7.81,5.58,1.04,-2.79,-6.12,-5.42,-1.65,6.41,15.96,16.92,-2.1,8.6,19.6,9,-9.3,-3.1,5.5,-1.3,-5.7,2.7,12.5,3.8,428,217,126,309,6,18.7,22.4,10,576,105,0,127,0,88,700,193,2131,1407,503,1292,0,0,11,3,3,22,86,37,351,102,2,109,0,137,330,95,0,30,204,9,70,59,57,65,0,0,0,0,3.4,13.7,-7,20.7,1081,233,12.4,58.6,809,981,5333,14,148,168,254,86,565,-35.9,33.2,14.3,562,243,63,63.41,336
MP 293,1976,49.04455947,-120.8516998,1259,-2.8,1.5,5.2,8.4,12.8,17.2,21.3,21.2,16.7,10,1.3,-3.6,-9.9,-8,-6.2,-3.1,0.2,4,6.4,6.2,3,-1.2,-5.6,-9.7,-6.4,-3.3,-0.5,2.6,6.5,10.6,13.8,13.7,9.8,4.4,-2.2,-6.7,148,97,82,75,50,43,35,41,52,86,154,161,5.6,8.1,14,19.3,22.8,23.8,23.1,20.5,15.4,9.4,5.6,4.4,214,121,74,25,3,0,0,0,1,12,106,222,0,0,0,19,72,168,274,271,152,47,0,0,755,592,575,462,357,223,131,135,246,423,605,761,0,0,0,0,0,2,5,6,3,0,0,0,1,1,2,6,15,26,30,30,22,11,3,1,117,70,54,32,8,1,0,1,3,9,86,139,0,0,0,54,84,105,123,105,65,32,0,0,0,0,0,0,34,62,88,65,13,0,0,0,70,62,58,60,59,59,55,55,57,62,73,74,14.78,9.41,7.21,5.42,0.63,-3.27,-6.45,-5.85,-2.17,5.76,14.98,16.05,-1.6,8.8,19.9,9.3,-9.2,-3,5.5,-1.3,-5.4,2.9,12.7,4,405,207,119,292,6,18.7,22.5,10.1,557,101,0,119,0,91,713,200,2108,1394,490,1273,0,0,12,3,3,23,86,37,326,94,2,98,0,138,334,97,0,34,215,13,68,59,56,64,0,0,0,0,3.5,13.8,-6.7,20.5,1023,221,13.2,62.6,778,1004,5266,15,149,168,254,86,519,-35.9,33.4,14.3,569,262,62,56.49,350
MP 294,1976,49.11808013,-120.8660965,1402,-3,0.7,3.9,7.4,11.7,15.9,20,20,15.6,9,0.6,-3.9,-10.1,-8.4,-6.7,-3.7,-0.3,3.5,6,5.9,2.8,-1.5,-6,-9.9,-6.5,-3.8,-1.4,1.9,5.7,9.7,13,13,9.2,3.8,-2.7,-6.9,161,103,88,74,51,43,36,42,51,89,160,165,5.6,7.9,13.6,19.1,22.9,23.4,22.9,20.2,15.1,9.3,5.6,4.4,219,133,91,32,4,0,0,0,1,16,119,228,0,0,0,14,57,143,250,248,134,40,0,0,761,607,603,484,381,249,150,158,265,443,621,768,0,0,0,0,0,1,3,4,2,0,0,0,1,1,2,5,13,25,30,30,22,10,3,1,130,79,68,40,12,1,0,1,3,13,98,144,0,0,0,51,79,99,117,100,61,30,0,0,0,0,0,0,28,56,80,58,10,0,0,0,70,63,60,61,61,60,57,57,59,64,73,74,16.08,10.13,8.07,5.61,1.35,-2.5,-5.6,-5.04,-1.42,6.42,15.67,16.49,-2,7.7,18.7,8.4,-9.5,-3.5,5.1,-1.6,-5.8,2.1,11.9,3.4,429,213,121,300,6,18.5,22.2,10,580,126,0,136,0,71,641,174,2136,1469,557,1328,0,0,8,2,3,20,85,36,353,119,3,114,0,130,315,91,0,28,194,10,69,60,58,65,0,0,0,0,2.9,13,-6.9,19.9,1063,223,12.1,58.3,843,887,5491,10,143,171,254,83,589,-36.2,32.4,14.2,536,232,63,65.26,280
MP 295,1976,49.11931991,-120.8755035,1353,-3.2,0.7,4.1,7.7,12,16.3,20.4,20.4,16,9.3,0.4,-4.3,-10.1,-8.3,-6.5,-3.5,-0.1,3.7,6.2,6,2.8,-1.3,-5.9,-9.8,-6.6,-3.8,-1.2,2.1,6,10,13.3,13.2,9.4,4,-2.7,-7.1,161,103,88,74,51,43,36,42,52,90,160,165,5.6,7.9,13.6,19.2,22.9,23.5,22.9,20.3,15.2,9.3,5.5,4.4,222,132,87,29,3,0,0,0,1,15,120,233,0,0,0,16,61,151,258,256,140,42,0,0,764,605,597,477,374,241,144,150,258,437,622,774,0,0,0,0,0,1,3,4,2,0,0,0,1,1,2,5,14,25,30,30,22,11,3,1,130,79,66,37,10,1,0,1,3,12,98,146,0,0,0,52,81,100,118,102,62,31,0,0,0,0,0,0,29,57,82,60,10,0,0,0,71,64,60,61,60,60,57,56,58,64,74,76,16.05,10.14,8,5.5,1.19,-2.77,-5.79,-5.28,-1.61,6.42,15.7,16.5,-2.3,7.9,19,8.6,-9.4,-3.4,5.3,-1.5,-5.8,2.3,12.1,3.6,429,213,121,302,5.9,18.5,22.2,10,587,120,0,135,0,77,664,183,2143,1447,536,1316,0,0,9,2,3,21,85,36,355,113,2,113,0,133,321,93,0,29,199,10,70,60,58,65,0,0,0,0,3,13.3,-7.1,20.3,1065,225,12.2,59.1,842,924,5443,11,145,170,254,84,584,-36.1,32.8,14.2,546,239,63,64.05,302
MP 296,1976,49.12162017,-120.8731003,1381,-3.1,0.7,3.9,7.5,11.8,16.1,20.2,20.2,15.8,9.1,0.5,-4.1,-10.1,-8.3,-6.6,-3.6,-0.2,3.6,6.1,6,2.8,-1.4,-5.9,-9.8,-6.6,-3.8,-1.3,2,5.8,9.8,13.1,13.1,9.3,3.9,-2.7,-6.9,160,104,88,74,52,43,37,42,52,90,160,165,5.6,7.9,13.5,19.1,22.9,23.4,22.9,20.3,15.2,9.3,5.6,4.4,220,133,89,31,4,0,0,0,1,15,120,230,0,0,0,15,59,147,253,252,137,41,0,0,762,607,601,481,378,246,147,155,261,439,622,770,0,0,0,0,0,1,3,4,2,0,0,0,1,1,2,5,13,25,30,30,22,11,3,1,129,80,67,38,11,1,0,1,3,12,98,145,0,0,0,51,80,99,117,101,61,30,0,0,0,0,0,0,28,56,81,59,10,0,0,0,70,64,60,61,60,60,57,57,59,64,74,75,16.03,10.17,8.04,5.56,1.31,-2.62,-5.62,-5.13,-1.48,6.45,15.69,16.5,-2.2,7.8,18.8,8.5,-9.4,-3.4,5.2,-1.5,-5.8,2.2,12,3.5,429,214,122,302,6,18.5,22.2,10,583,124,0,136,0,74,652,179,2139,1459,548,1322,0,0,8,2,3,20,85,36,354,117,2,114,0,131,317,92,0,28,196,10,70,60,58,65,0,0,0,0,3,13.1,-6.9,20.1,1065,225,12.2,58.4,843,904,5469,11,145,170,254,83,587,-36.1,32.5,14.2,540,233,63,64.9,290
MP 299,1976,49.04080963,-120.8787003,1311,-3.2,1,4.7,8,12.3,16.6,20.8,20.7,16.2,9.5,0.8,-4.2,-10,-8.1,-6.4,-3.3,0,3.8,6.3,6.1,2.9,-1.3,-5.8,-9.8,-6.6,-3.6,-0.9,2.3,6.2,10.2,13.5,13.4,9.5,4.1,-2.5,-7,156,102,87,76,52,45,37,43,54,91,163,169,5.6,7.9,13.8,19.3,22.9,23.6,23,20.4,15.3,9.3,5.6,4.4,220,127,80,27,3,0,0,0,1,14,114,232,0,0,0,17,66,158,265,262,144,44,0,0,762,600,586,470,367,234,139,144,254,432,615,772,0,0,0,0,0,1,4,5,3,0,0,0,1,1,2,5,14,26,30,30,22,11,3,1,126,76,62,35,10,1,0,1,3,11,97,149,0,0,0,53,82,102,121,103,63,31,0,0,0,0,0,0,30,57,84,60,8,0,0,0,71,63,59,60,60,59,56,56,58,63,73,76,15.62,10.01,7.84,5.64,1.13,-2.71,-5.97,-5.3,-1.51,6.46,15.92,16.87,-2.1,8.3,19.4,8.8,-9.3,-3.2,5.4,-1.4,-5.7,2.6,12.4,3.7,427,216,126,308,6,18.6,22.3,10,579,110,0,129,0,83,684,188,2134,1423,518,1301,0,0,10,3,3,22,86,36,351,107,2,111,0,135,326,94,0,30,200,8,70,60,57,65,0,0,0,0,3.2,13.5,-7,20.5,1077,233,12.3,58.1,819,955,5376,13,147,169,254,85,571,-35.9,33,14.2,555,239,63,64.01,321
MP 281,1976,49.10832977,-120.7583008,1921,-3.7,-1.4,0.5,4,8.3,12.5,16.2,16.3,12.2,5.8,-0.9,-3.6,-10.8,-9.6,-8.6,-5.7,-2.1,1.4,4.4,4.7,2.1,-2.6,-7.6,-10.5,-7.3,-5.5,-4,-0.8,3.1,6.9,10.3,10.5,7.2,1.6,-4.2,-7.1,186,136,100,75,59,50,39,47,51,92,169,200,5.6,7.6,12.8,18.7,23.3,22.8,22.3,19.6,14.5,9.3,5.8,4.6,238,174,154,73,15,2,0,0,2,35,157,233,0,0,0,0,25,76,162,168,84,22,0,0,783,655,684,565,463,333,239,235,325,510,667,774,0,0,0,0,0,0,0,1,1,0,1,0,1,1,1,2,7,19,29,28,20,8,2,1,158,121,95,64,30,7,1,2,6,35,126,177,0,0,0,0,66,84,98,83,50,24,0,0,0,0,0,0,7,34,59,36,0,0,0,0,70,66,63,63,64,64,62,63,67,69,72,71,18.62,13.6,9.84,6.62,3.59,0.48,-3.4,-2.57,0.72,7.72,16.82,20.01,-2.9,4.3,15,5.7,-10.3,-5.5,3.5,-2.7,-6.6,-0.6,9.2,1.5,522,234,136,312,5.9,18.3,21.6,9.9,645,241,2,194,0,25,406,106,2212,1713,807,1502,0,0,1,2,2,11,76,30,455,189,10,168,0,66,265,74,0,7,128,0,69,63,63,69,0,0,0,0,0.9,10.5,-7.3,17.7,1205,246,9,42.6,1082,536,6233,3,119,181,250,69,822,-37.6,29,13.9,404,135,66,92.05,102
MP 285,1976,49.07500076,-120.7750015,1481,-2.7,0.3,3.6,7.2,11.6,15.8,19.7,19.6,15.4,8.8,0.9,-3,-10.1,-8.4,-6.9,-3.9,-0.6,3.1,5.7,5.6,2.6,-1.5,-6.2,-9.8,-6.4,-4.1,-1.6,1.6,5.5,9.4,12.7,12.6,9,3.6,-2.7,-6.4,135,103,90,74,48,37,32,38,50,81,145,151,5.7,7.8,13.6,19.2,23.1,23.5,22.9,20.3,15.2,9.4,5.8,4.5,215,139,96,34,4,0,0,0,1,17,118,215,0,0,0,12,54,135,240,237,127,39,0,0,756,613,611,491,388,259,164,169,272,447,620,753,0,0,0,0,0,0,2,3,2,0,0,0,1,1,2,4,12,24,30,29,21,10,3,1,108,81,72,42,12,1,0,1,4,12,88,128,0,0,0,51,79,99,116,98,60,30,0,0,0,0,0,0,31,62,83,60,10,0,0,0,69,64,60,60,60,60,57,57,59,64,71,71,13.54,10.16,8.34,5.67,1.11,-3.03,-5.93,-5.24,-1.38,5.64,14.17,15.06,-1.8,7.5,18.4,8.4,-9.4,-3.8,4.8,-1.7,-5.6,1.8,11.6,3.3,389,213,107,276,6,18.6,22.3,10.1,568,135,1,136,0,66,612,166,2123,1490,592,1338,0,0,6,2,3,18,83,34,317,126,3,104,0,130,313,90,0,31,206,10,68,60,58,65,0,0,0,0,2.8,12.7,-6.4,19.1,984,205,13,61.9,839,843,5543,8,139,173,252,79,550,-36.2,31.9,14.3,533,247,63,58.11,253
MP 286,1976,49.07500076,-120.7750015,1326,-2.7,0.8,4.7,8.2,12.7,16.9,21,20.7,16.4,9.8,1.2,-3,-9.9,-8.1,-6.4,-3.3,-0.1,3.6,6.1,5.9,2.6,-1.2,-5.8,-9.7,-6.3,-3.6,-0.8,2.5,6.3,10.2,13.5,13.3,9.5,4.3,-2.3,-6.3,126,98,88,74,48,35,31,37,49,79,141,141,5.6,7.8,13.8,19.4,23,23.8,23.1,20.5,15.4,9.4,5.6,4.5,212,129,80,26,3,0,0,0,1,13,109,212,0,0,0,18,68,158,265,259,143,46,0,0,753,602,586,467,363,234,138,147,255,426,609,751,0,0,0,0,0,1,4,5,3,0,0,0,1,1,2,5,14,25,30,30,22,11,3,1,100,74,62,33,8,1,0,1,3,9,80,119,0,0,0,54,84,104,122,104,64,32,0,0,0,0,0,0,36,69,91,67,14,0,0,0,70,64,59,59,59,58,55,55,57,62,72,72,12.63,9.62,7.91,5.33,0.46,-3.93,-6.74,-6.02,-2.17,5.1,13.66,14.05,-1.6,8.5,19.5,9.1,-9.2,-3.3,5.2,-1.5,-5.4,2.6,12.4,3.8,365,210,104,269,6,18.7,22.5,10.2,554,109,0,123,0,86,683,189,2106,1415,519,1290,0,0,10,3,3,21,85,36,292,104,2,92,0,138,330,96,0,36,226,14,68,59,56,64,0,0,0,0,3.4,13.5,-6.3,19.9,948,201,14.1,67.4,786,959,5329,12,146,170,252,82,490,-35.8,32.9,14.3,563,277,62,49.91,321
MP 287,1976,49.11643981,-120.8702011,1250,-3.4,1.1,4.7,8.4,12.7,17,21.2,21.2,16.7,9.9,0.4,-4.8,-10,-8.1,-6.2,-3.1,0.2,4,6.4,6.1,2.9,-1.2,-5.6,-9.8,-6.7,-3.5,-0.7,2.6,6.4,10.5,13.8,13.7,9.8,4.3,-2.6,-7.3,161,103,88,74,51,43,36,42,51,89,160,165,5.6,7.9,13.7,19.3,22.8,23.6,23,20.5,15.4,9.3,5.4,4.3,223,126,78,25,3,0,0,0,1,13,116,240,0,0,0,20,71,167,273,270,150,46,0,0,766,598,583,462,359,225,132,136,248,426,617,781,0,0,0,0,0,2,4,6,3,0,0,0,1,1,2,6,15,26,30,30,22,11,3,1,131,76,61,31,8,1,0,1,3,10,96,148,0,0,0,54,84,104,123,106,64,32,0,0,0,0,0,0,33,61,87,64,13,0,0,0,72,63,60,60,59,59,55,55,57,62,75,78,16.11,10.05,7.85,5.29,0.81,-3.1,-6.32,-5.78,-2.17,6.15,15.69,16.5,-2.4,8.6,19.8,9,-9.3,-3,5.5,-1.3,-5.8,2.8,12.7,3.8,429,213,121,301,5.9,18.6,22.4,10,589,105,0,130,0,91,710,197,2145,1403,493,1291,0,0,12,3,3,23,86,37,355,100,2,109,0,138,333,96,0,33,211,13,71,60,56,65,0,0,0,0,3.4,13.8,-7.3,21.1,1064,223,12.6,61.6,824,997,5332,14,149,168,254,85,566,-35.9,33.5,14.2,566,257,63,61.08,346
MP 288,1976,49.11574935,-120.8669968,1259,-3.3,1.2,4.7,8.3,12.6,17,21.1,21.1,16.6,9.8,0.5,-4.6,-10,-8.1,-6.2,-3.1,0.2,4,6.3,6.1,2.9,-1.2,-5.6,-9.8,-6.7,-3.5,-0.8,2.6,6.4,10.5,13.7,13.6,9.7,4.3,-2.6,-7.2,161,103,88,74,51,43,36,42,51,89,160,165,5.6,8,13.7,19.3,22.8,23.6,23,20.5,15.3,9.3,5.4,4.3,222,125,78,25,3,0,0,0,1,13,116,237,0,0,0,20,70,166,272,269,149,46,0,0,765,597,583,463,360,226,133,137,249,426,616,779,0,0,0,0,0,2,4,5,3,0,0,0,1,1,2,6,15,26,30,30,22,11,3,1,131,76,61,32,8,1,0,1,3,10,96,147,0,0,0,54,83,104,123,105,64,32,0,0,0,0,0,0,32,60,87,63,13,0,0,0,71,63,59,60,59,59,55,55,57,62,75,77,16.12,10.05,7.85,5.31,0.84,-3.07,-6.28,-5.73,-2.13,6.13,15.69,16.51,-2.2,8.5,19.7,9,-9.3,-3.1,5.5,-1.3,-5.8,2.7,12.6,3.8,429,213,121,300,6,18.6,22.4,10,585,106,0,129,0,89,706,195,2140,1406,497,1292,0,0,11,3,3,23,86,37,354,101,2,108,0,137,331,96,0,32,210,13,70,60,56,65,0,0,0,0,3.3,13.7,-7.2,21,1063,223,12.6,61.5,820,991,5335,14,149,168,254,85,565,-36,33.4,14.2,564,256,63,61.29,342
MP 289,1976,49.04022979,-120.8937988,1466,-2.6,0.5,3.6,7,11.3,15.5,19.5,19.5,15.2,8.7,0.9,-3.1,-10.1,-8.4,-6.9,-3.9,-0.5,3.2,5.9,5.8,2.8,-1.5,-6.2,-9.8,-6.3,-4,-1.6,1.6,5.4,9.4,12.7,12.7,9,3.6,-2.6,-6.5,159,104,88,77,53,47,38,44,55,93,165,171,5.7,7.9,13.5,19.1,23,23.3,22.8,20.1,15.1,9.3,5.7,4.5,214,137,96,35,4,0,0,0,1,17,117,217,0,0,0,11,53,133,240,239,128,38,0,0,755,611,610,493,390,260,164,167,271,449,619,756,0,0,0,0,0,0,2,3,2,0,0,0,1,1,2,4,12,24,30,30,22,10,3,1,126,82,71,44,13,2,1,1,4,15,100,146,0,0,0,50,78,97,114,98,59,30,0,0,0,0,0,0,25,50,76,53,4,0,0,0,69,64,60,61,61,61,58,58,60,65,71,71,15.93,10.26,8.15,6.02,1.7,-1.78,-5.14,-4.5,-0.73,6.94,16.17,17.12,-1.8,7.3,18.2,8.3,-9.4,-3.7,5,-1.7,-5.6,1.8,11.6,3.3,435,218,129,313,6,18.6,22.1,10.1,567,135,1,136,0,64,612,166,2122,1493,591,1339,0,0,6,2,3,19,84,35,354,128,3,119,0,128,308,89,0,25,179,4,68,61,59,65,0,0,0,0,2.8,12.7,-6.5,19.2,1095,237,11.7,53.7,839,843,5545,8,141,172,254,81,604,-36.2,31.9,14.2,525,209,63,70.13,254
MP 290,1976,49.03955841,-120.8881989,1353,-3,0.8,4.4,7.8,12.1,16.3,20.4,20.4,15.9,9.3,0.8,-3.8,-10,-8.2,-6.5,-3.5,-0.1,3.6,6.2,6,2.8,-1.4,-5.9,-9.8,-6.5,-3.7,-1.1,2.1,6,10,13.3,13.2,9.4,4,-2.5,-6.8,158,104,88,77,53,46,38,44,55,93,165,171,5.6,7.9,13.7,19.2,22.9,23.5,22.9,20.3,15.2,9.3,5.6,4.4,218,130,84,29,3,0,0,0,1,15,115,225,0,0,0,16,62,151,259,256,139,42,0,0,759,603,593,476,373,242,144,151,259,436,616,765,0,0,0,0,0,1,3,4,2,0,0,0,1,1,2,5,14,25,30,30,22,11,3,1,127,79,65,38,11,1,0,1,3,12,98,148,0,0,0,52,81,101,119,102,62,31,0,0,0,0,0,0,28,54,81,58,7,0,0,0,70,64,59,60,60,60,57,56,59,64,73,74,15.8,10.16,7.98,5.76,1.33,-2.45,-5.7,-5.04,-1.25,6.67,16.11,17.06,-2,8.1,19,8.7,-9.3,-3.4,5.3,-1.5,-5.7,2.4,12.2,3.6,432,218,128,312,6,18.6,22.2,10,573,117,0,131,0,78,665,182,2127,1442,536,1312,0,0,9,2,3,21,85,36,354,113,2,114,0,133,321,93,0,28,193,7,69,60,58,65,0,0,0,0,3.1,13.3,-6.8,20.1,1090,236,12,56.4,821,924,5417,11,145,170,254,84,583,-36,32.7,14.2,547,228,63,66.42,302
SK93710,1993,49.21475894,-121.0660627,695,-0.3,3.4,6.8,11.5,15.9,19.5,23.9,23.8,19.1,12.4,3.7,-0.4,-5.9,-4.1,-2.4,0.2,3.2,6.7,9,8.9,5.8,1.9,-2,-5.4,-3.1,-0.4,2.2,5.8,9.6,13.1,16.4,16.3,12.5,7.2,0.8,-2.9,174,102,98,66,50,50,38,43,52,106,191,185,5.3,6.9,12.8,18.7,22,23.4,22.6,20.1,15.1,8.8,5.1,4.1,129,66,37,8,0,0,0,0,0,4,50,121,0,2,14,58,150,243,355,352,226,95,9,0,655,510,492,366,262,148,66,72,172,336,516,645,0,0,0,0,0,6,17,20,7,0,1,0,4,5,8,15,24,29,31,31,27,21,9,4,88,38,25,6,2,0,0,0,1,2,53,99,0,0,35,62,95,112,133,114,69,35,11,0,0,0,0,0,45,62,95,71,17,0,0,0,77,71,67,63,60,61,56,56,59,66,79,79,17.16,9.41,8.23,3.19,-1.26,-2.96,-7.08,-6.58,-2.75,6.64,18.18,18.23,0.9,11.4,22.4,11.7,-5.1,0.4,8.2,1.9,-2.1,5.9,15.3,6.8,460,214,131,348,5.4,17.8,22,9.7,317,45,0,54,2,221,950,330,1809,1119,285,1024,0,0,43,8,12,47,91,57,225,33,1,56,0,191,360,115,0,45,228,17,76,63,57,68,0,0,0,0,6.5,16.4,-3.1,19.5,1154,234,14.3,70.4,416,1504,4238,51,207,140,275,135,315,-28.5,35.8,13.7,666,290,66,60.42,657
SK93711,1993,49.21441772,-121.0671746,686,-0.3,3.4,6.8,11.5,15.9,19.5,23.9,23.9,19.2,12.5,3.7,-0.3,-5.8,-4,-2.3,0.2,3.3,6.8,9,8.9,5.9,2,-2,-5.3,-3,-0.3,2.2,5.9,9.6,13.1,16.5,16.4,12.5,7.2,0.9,-2.8,174,102,98,66,50,50,38,43,52,106,191,185,5.3,6.9,12.8,18.7,22,23.4,22.6,20.1,15.1,8.8,5.1,4.1,128,65,36,8,0,0,0,0,0,4,49,120,0,2,14,59,151,244,356,353,227,96,9,0,653,509,490,364,260,147,65,71,171,335,515,643,0,0,0,0,0,6,18,20,8,0,1,0,4,5,8,15,24,29,31,31,27,21,10,4,88,37,25,6,2,0,0,0,1,2,52,98,0,0,35,62,95,112,133,114,69,35,11,0,0,0,0,0,45,62,95,71,17,0,0,0,77,72,67,63,60,61,56,56,59,66,79,79,17.17,9.41,8.22,3.17,-1.3,-2.96,-7.09,-6.59,-2.77,6.61,18.19,18.22,0.9,11.4,22.4,11.8,-5.1,0.4,8.2,2,-2.1,5.9,15.3,6.9,460,214,131,348,5.4,17.8,22,9.6,314,45,0,53,2,224,953,333,1805,1115,283,1021,0,0,43,9,12,48,91,57,222,32,1,56,0,192,360,116,0,45,228,17,76,63,57,68,0,0,0,0,6.5,16.5,-3,19.5,1154,233,14.3,70.5,412,1511,4224,52,208,140,275,135,311,-28.4,35.8,13.7,667,291,66,60.29,662
SK93721,1993,49.21632862,-121.0684733,698,-0.2,3.4,6.7,11.4,15.8,19.4,23.8,23.8,19.1,12.4,3.7,-0.3,-5.8,-4.1,-2.4,0.2,3.2,6.7,9,8.8,5.8,1.9,-2.1,-5.4,-3,-0.3,2.2,5.8,9.5,13.1,16.4,16.3,12.5,7.2,0.8,-2.9,174,102,98,66,50,50,38,43,52,106,190,185,5.3,6.9,12.8,18.7,22,23.3,22.6,20.1,15,8.8,5.1,4.1,129,66,37,8,0,0,0,0,0,4,50,121,0,2,14,57,149,242,354,351,226,95,9,0,653,509,493,367,263,148,66,73,173,337,516,644,0,0,0,0,0,5,17,19,7,0,1,0,4,5,8,15,24,29,31,31,27,21,9,4,88,38,26,6,2,0,0,0,1,2,53,99,0,0,35,62,95,112,133,114,69,35,11,0,0,0,0,0,45,62,95,71,17,0,0,0,77,71,67,63,60,61,56,56,59,66,79,79,17.18,9.45,8.25,3.23,-1.23,-2.96,-7.04,-6.55,-2.73,6.64,18.15,18.27,0.9,11.3,22.3,11.7,-5.1,0.3,8.2,1.9,-2.1,5.8,15.3,6.8,461,214,131,348,5.4,17.8,22,9.7,315,46,0,54,2,219,947,329,1807,1122,288,1026,0,0,42,8,12,47,91,57,224,34,1,57,0,191,359,115,0,45,228,17,76,63,57,68,0,0,0,0,6.5,16.4,-3,19.4,1155,233,14.3,70.3,415,1497,4242,50,207,140,275,135,315,-28.5,35.8,13.7,665,289,66,60.67,653
SK93722,1993,49.21739366,-121.0676078,698,-0.3,3.4,6.7,11.4,15.8,19.4,23.8,23.8,19.1,12.4,3.6,-0.4,-5.9,-4.1,-2.4,0.2,3.2,6.7,9,8.8,5.8,1.9,-2.1,-5.4,-3.1,-0.4,2.2,5.8,9.5,13.1,16.4,16.3,12.5,7.2,0.8,-2.9,174,102,98,66,50,50,38,43,52,106,190,185,5.3,6.9,12.8,18.7,22,23.4,22.6,20.1,15.1,8.8,5.1,4.1,130,66,37,8,0,0,0,0,0,4,50,121,0,2,14,57,149,242,354,351,226,95,9,0,655,510,493,367,263,148,66,73,173,337,516,645,0,0,0,0,0,5,17,19,7,0,1,0,4,5,8,15,24,29,31,31,27,21,9,4,89,38,26,6,2,0,0,0,1,2,53,99,0,0,35,62,94,112,133,114,69,35,11,0,0,0,0,0,44,62,95,71,17,0,0,0,77,71,67,63,60,61,56,56,59,66,79,79,17.19,9.47,8.25,3.25,-1.21,-2.97,-7.05,-6.55,-2.72,6.66,18.16,18.28,0.9,11.3,22.3,11.7,-5.1,0.3,8.2,1.9,-2.1,5.8,15.3,6.8,461,215,131,348,5.4,17.8,22,9.7,317,46,0,54,2,219,947,329,1810,1122,287,1026,0,0,42,8,12,47,91,57,226,34,1,57,0,191,359,115,0,44,228,17,76,63,57,68,0,0,0,0,6.4,16.4,-3.1,19.5,1155,233,14.2,70.2,417,1497,4246,50,207,140,275,135,317,-28.6,35.8,13.7,665,289,66,60.75,653
SK93734,1993,49.19803638,-120.9928605,869,-1,2.8,6.4,10.8,15.2,19.3,23.4,23.4,18.7,11.8,3.1,-1.3,-7.3,-5.4,-3.5,-0.8,2.4,6,8.3,8.1,4.9,1,-3.3,-6.9,-4.2,-1.3,1.4,5,8.8,12.7,15.9,15.8,11.8,6.4,-0.1,-4.1,162,99,94,66,50,46,37,42,49,97,175,173,5.4,7.3,13.2,19,22.3,23.7,22.9,20.4,15.3,9,5.3,4.2,157,81,45,11,1,0,0,0,0,6,64,151,0,0,9,46,127,230,339,335,209,79,5,0,688,536,515,390,287,157,78,85,188,361,543,682,0,0,0,0,0,4,13,15,6,0,0,0,2,3,6,12,22,29,31,31,26,18,7,2,100,48,34,10,3,0,0,0,1,3,63,115,0,0,35,60,93,113,132,113,69,34,0,0,0,0,0,0,43,66,95,71,20,0,0,0,74,68,64,61,59,59,55,55,57,64,75,76,16.1,9.29,7.96,3.48,-0.8,-3.56,-7.17,-6.67,-3.12,6,16.79,17.21,0.2,10.8,22,11.2,-6.5,-0.6,7.5,0.9,-3.2,5.1,14.8,6,434,210,126,321,5.6,18.2,22.3,9.9,389,57,0,70,0,181,903,293,1906,1192,319,1092,0,0,33,6,8,39,90,51,263,46,1,67,0,188,358,103,0,43,233,20,73,62,56,66,0,0,0,0,5.7,15.9,-4.2,20.1,1091,225,14.4,70.7,516,1378,4510,39,188,148,268,119,377,-31.2,35.4,14,650,295,64,55.52,582
SK93735,1993,49.19748268,-120.9920592,869,-1,2.8,6.4,10.8,15.2,19.3,23.5,23.4,18.7,11.8,3.1,-1.3,-7.4,-5.4,-3.5,-0.8,2.3,6,8.3,8.1,4.9,1,-3.3,-7,-4.2,-1.3,1.4,5,8.8,12.7,15.9,15.8,11.8,6.4,-0.1,-4.1,162,99,94,66,50,46,37,42,49,97,175,173,5.4,7.3,13.2,19,22.3,23.7,22.9,20.4,15.3,9,5.3,4.2,157,81,45,11,1,0,0,0,0,6,64,152,0,0,9,46,127,230,339,335,209,79,5,0,689,536,515,390,287,157,78,85,188,361,543,683,0,0,0,0,0,4,13,15,6,0,0,0,2,3,6,12,22,29,31,31,26,18,7,2,100,48,34,10,3,0,0,0,1,3,62,115,0,0,35,61,93,113,132,113,69,34,0,0,0,0,0,0,43,67,95,71,20,0,0,0,73,68,64,61,59,59,55,55,57,64,75,76,16.07,9.3,7.96,3.47,-0.82,-3.57,-7.2,-6.69,-3.14,5.99,16.76,17.19,0.2,10.8,22.1,11.2,-6.6,-0.7,7.5,0.9,-3.2,5.1,14.8,6,434,210,126,321,5.6,18.2,22.3,9.9,391,57,0,70,0,181,903,293,1908,1192,320,1092,0,0,33,6,8,39,90,51,264,46,1,67,0,188,359,103,0,43,233,20,73,61,56,66,0,0,0,0,5.7,15.9,-4.2,20.1,1090,224,14.4,70.8,517,1378,4512,39,188,149,268,119,377,-31.2,35.4,14,650,296,64,55.34,582
SK93736,1993,49.20192025,-120.9885846,823,-1,3,6.6,11.1,15.4,19.6,23.7,23.7,19,12,3.3,-1.2,-7.2,-5.2,-3.3,-0.6,2.5,6.2,8.5,8.3,5.1,1.2,-3.1,-6.7,-4.1,-1.1,1.7,5.2,9,12.9,16.1,16,12,6.6,0.1,-3.9,160,97,93,66,50,45,37,42,49,95,171,172,5.4,7.3,13.2,19,22.3,23.7,22.9,20.4,15.3,9,5.3,4.2,154,79,43,10,1,0,0,0,0,5,61,147,0,0,11,49,133,236,345,341,214,83,6,0,685,532,509,383,280,152,73,80,184,355,538,677,0,0,0,0,0,5,15,17,6,0,0,0,2,3,6,12,22,29,31,31,26,18,7,2,97,45,31,9,2,0,0,0,1,3,58,112,0,0,35,61,94,114,134,114,70,35,12,0,0,0,0,0,44,69,97,72,21,0,0,0,74,68,64,61,59,59,55,54,57,64,76,77,15.88,9.06,7.79,3.34,-1,-3.81,-7.34,-6.83,-3.21,5.76,16.32,17.08,0.3,11,22.3,11.4,-6.4,-0.4,7.7,1,-3.1,5.3,15,6.2,429,208,124,315,5.6,18.1,22.3,9.9,380,53,0,66,0,192,922,303,1894,1172,306,1076,0,0,36,6,8,41,90,52,254,41,1,62,0,190,362,116,0,44,238,21,73,62,56,66,0,0,0,0,5.9,16.1,-4.1,20.2,1076,223,14.7,72.2,500,1417,4448,43,191,147,269,122,358,-30.8,35.6,14,668,302,64,53.04,608
