ID1,ID2,lat,long,el
00NCe73,2000,49.12286895,-120.8200364,1455
00NCe74,2000,49.12958668,-120.8160951,1620
00NCe75,2000,49.131843430000004,-120.8212604,1750
00NCe77,2000,49.06956013,-120.905716,1470
00NCe78,2000,49.08614425,-120.9258513,1840
00NCe79,2000,49.08811762,-120.9446303,1790
00NCe82,2000,49.04462405,-120.9646257,1810
00NCe83,2000,49.0409285,-120.9723988,1800
00NCe84,2000,49.04042506,-120.9724193,685
00NCe85,2000,49.03686803,-120.9645592,1705
00NCe86,2000,49.04063959,-120.9800327,1745
00NCe89,2000,49.05549669,-120.9155332,1725
00NCe90,2000,49.06442921,-120.8922135,1325
00NCe91,NA,49.11667802,-120.8651929,1450
00NCe92,2000,49.12229155,-120.8690776,1665
00NCe93,2000,49.13832844,-120.8485222,1615
00NCe94,2000,49.1422333,-120.8451718,1565
00NCe95,2000,49.12585389,-120.8366702,1540
02-3085,2019,49.14056015,-120.7638931,2044
02-3089,2019,49.14989852,-120.7567673,2136
35079,1979,49.18056106,-120.9610977,770
35179,1979,49.08110809,-120.8127975,1210
35379,1979,49.08889007,-120.8139038,1210
12-2000,2019,49.13544082,-120.7637634,1954
14-4320,2019,49.07690048,-120.7710724,1815
14-4386,2019,49.10020828,-120.7596817,2009
14-4387,2019,49.09149169,-120.7733994,1955
14-4388,2019,49.06903839,-120.7620316,1624
MP 291,1976,49.03950881,-120.8720016,1308
MP 294,1976,49.11808013,-120.8660965,1402
MP 295,1976,49.11931991,-120.8755035,1353
MP 296,1976,49.12162017,-120.8731003,1381
MP 287,1976,49.11643981,-120.8702011,1250
MP 288,1976,49.11574935,-120.8669968,1259
SK93710,1993,49.21475894,-121.0660627,695
SK93711,1993,49.21441772,-121.0671746,686
SK93721,1993,49.21632862,-121.0684733,698
SK93722,1993,49.21739366,-121.0676078,698
SK93734,1993,49.19803638,-120.9928605,869
SK93735,1993,49.19748268,-120.9920592,869
SK93736,1993,49.20192025,-120.9885846,823
